--Inserting Data
insert into customer (customer_id, customer_name, ssn, phone_number, email_address, address_line_1, city, state_province, postal_code, country, citizenship, dob) values (1, 'Richmond Heinssen', '242-66-8703', '206-614-2773', 'rheinssen0@ifeng.com', '00 Superior Park', 'Seattle', 'WA', '98115', 'US', 'US', '1999-05-09 01:04:26');
insert into customer (customer_id, customer_name, ssn, phone_number, email_address, address_line_1, city, state_province, postal_code, country, citizenship, dob) values (2, 'Lari Rosengarten', '373-45-9400', '540-438-8403', 'lrosengarten1@51.la', '04977 Hintze Point', 'Roanoke', 'VA', '24004', 'US', 'US', '1995-01-17 16:13:06');
insert into customer (customer_id, customer_name, ssn, phone_number, email_address, address_line_1, city, state_province, postal_code, country, citizenship, dob) values (3, 'Giana Wightman', '659-17-9850', '413-976-7177', 'gwightman2@paypal.com', '58 Arkansas Place', 'Springfield', 'MA', '01152', 'US', 'US', '1992-08-28 20:17:47');
insert into customer (customer_id, customer_name, ssn, phone_number, email_address, address_line_1, city, state_province, postal_code, country, citizenship, dob) values (4, 'Nobie Kibard', '568-33-6729', '212-540-9870', 'nkibard3@sina.com.cn', '4 Graedel Point', 'New York City', 'NY', '10039', 'US', 'US', '1999-05-04 00:12:12');
insert into customer (customer_id, customer_name, ssn, phone_number, email_address, address_line_1, city, state_province, postal_code, country, citizenship, dob) values (5, 'Basilio Woodison', '274-99-8481', '318-388-2895', 'bwoodison4@mashable.com', '58 Westend Avenue', 'Monroe', 'LA', '71208', 'US', 'US', '1995-02-24 07:42:53');
insert into customer (customer_id, customer_name, ssn, phone_number, email_address, address_line_1, city, state_province, postal_code, country, citizenship, dob) values (6, 'Harper Imore', '783-57-9084', '609-645-3347', 'himore5@go.com', '826 Clyde Gallagher Park', 'Trenton', 'NJ', '08638', 'US', 'US', '1996-05-04 00:52:11');
insert into customer (customer_id, customer_name, ssn, phone_number, email_address, address_line_1, city, state_province, postal_code, country, citizenship, dob) values (7, 'Freda Brumpton', '301-60-4014', '571-730-3843', 'fbrumpton6@last.fm', '60084 Hagan Lane', 'Vienna', 'VA', '22184', 'US', 'US', '1999-07-01 04:10:57');
insert into customer (customer_id, customer_name, ssn, phone_number, email_address, address_line_1, city, state_province, postal_code, country, citizenship, dob) values (8, 'Burtie Havenhand', '119-77-5698', '216-987-8942', 'bhavenhand7@economist.com', '6 Kedzie Trail', 'Cleveland', 'OH', '44185', 'US', 'US', '1993-09-06 05:46:40');
insert into customer (customer_id, customer_name, ssn, phone_number, email_address, address_line_1, city, state_province, postal_code, country, citizenship, dob) values (9, 'Gearard Lesley', '581-32-2761', '203-111-7175', 'glesley8@who.int', '330 Everett Crossing', 'Danbury', 'CT', '06816', 'US', 'US', '1997-06-12 05:53:38');
insert into customer (customer_id, customer_name, ssn, phone_number, email_address, address_line_1, city, state_province, postal_code, country, citizenship, dob) values (10, 'Wallis Gelling', '877-68-8890', '718-211-9183', 'wgelling9@hugedomains.com', '7 Pankratz Lane', 'Jamaica', 'NY', '11470', 'US', 'US', '1995-02-03 14:36:40');
insert into customer (customer_id, customer_name, ssn, phone_number, email_address, address_line_1, city, state_province, postal_code, country, citizenship, dob) values (11, 'Tiffani Harriday', '149-16-6944', '315-632-9453', 'tharridaya@reuters.com', '09 Mariners Cove Avenue', 'Syracuse', 'NY', '13210', 'US', 'US', '1992-06-01 14:23:24');
insert into customer (customer_id, customer_name, ssn, phone_number, email_address, address_line_1, city, state_province, postal_code, country, citizenship, dob) values (12, 'Estelle Kording', '700-72-1574', '304-976-6723', 'ekordingb@skype.com', '33 5th Place', 'Huntington', 'WV', '25709', 'US', 'US', '1993-08-04 20:31:53');
insert into customer (customer_id, customer_name, ssn, phone_number, email_address, address_line_1, city, state_province, postal_code, country, citizenship, dob) values (13, 'Raffarty Godier', '832-47-4725', '952-117-2283', 'rgodierc@cbsnews.com', '45751 Northport Junction', 'Young America', 'MN', '55551', 'US', 'US', '1993-12-05 20:36:28');
insert into customer (customer_id, customer_name, ssn, phone_number, email_address, address_line_1, city, state_province, postal_code, country, citizenship, dob) values (14, 'Alanna Bernt', '323-56-8777', '318-404-5490', 'aberntd@ezinearticles.com', '35496 Kensington Trail', 'Shreveport', 'LA', '71161', 'US', 'US', '1994-02-22 12:04:18');
insert into customer (customer_id, customer_name, ssn, phone_number, email_address, address_line_1, city, state_province, postal_code, country, citizenship, dob) values (15, 'Sharyl Alltimes', '375-22-8146', '707-977-2656', 'salltimese@dailymail.co.uk', '533 Spaight Lane', 'Santa Rosa', 'CA', '95405', 'US', 'US', '1999-03-14 16:35:13');
insert into customer (customer_id, customer_name, ssn, phone_number, email_address, address_line_1, city, state_province, postal_code, country, citizenship, dob) values (16, 'Adella Chelnam', '854-88-5223', '323-639-1913', 'achelnamf@epa.gov', '9 Dovetail Way', 'Pasadena', 'CA', '91103', 'US', 'US', '1994-07-15 02:58:41');
insert into customer (customer_id, customer_name, ssn, phone_number, email_address, address_line_1, city, state_province, postal_code, country, citizenship, dob) values (17, 'Lynn Vail', '894-91-6989', '806-338-2112', 'lvailg@engadget.com', '3 Melrose Plaza', 'Amarillo', 'TX', '79182', 'US', 'US', '1990-02-04 15:49:20');
insert into customer (customer_id, customer_name, ssn, phone_number, email_address, address_line_1, city, state_province, postal_code, country, citizenship, dob) values (18, 'Annadiane Allchorn', '785-47-1991', '520-974-6519', 'aallchornh@printfriendly.com', '17771 Transport Plaza', 'Tucson', 'AZ', '85737', 'US', 'US', '1999-03-30 04:54:01');
insert into customer (customer_id, customer_name, ssn, phone_number, email_address, address_line_1, city, state_province, postal_code, country, citizenship, dob) values (19, 'Hebert Kassman', '467-31-8059', '615-222-4083', 'hkassmani@acquirethisname.com', '62 Eagan Alley', 'Nashville', 'TN', '37215', 'US', 'US', '1992-05-29 17:19:12');
insert into customer (customer_id, customer_name, ssn, phone_number, email_address, address_line_1, city, state_province, postal_code, country, citizenship, dob) values (20, 'Garrik Crockley', '570-49-9734', '404-709-2906', 'gcrockleyj@acquirethisname.com', '5747 Lawn Trail', 'Atlanta', 'GA', '30386', 'US', 'US', '1995-08-23 19:22:04');
insert into customer (customer_id, customer_name, ssn, phone_number, email_address, address_line_1, city, state_province, postal_code, country, citizenship, dob) values (21, 'Farica Verity', '824-98-5505', '405-812-3296', 'fverityk@meetup.com', '6299 Commercial Junction', 'Oklahoma City', 'OK', '73157', 'US', 'US', '1995-01-29 04:21:05');
insert into customer (customer_id, customer_name, ssn, phone_number, email_address, address_line_1, city, state_province, postal_code, country, citizenship, dob) values (22, 'Jaimie MacAne', '489-65-4159', '862-353-3380', 'jmacanel@tiny.cc', '5613 Boyd Hill', 'Paterson', 'NJ', '07544', 'US', 'US', '1990-11-18 09:58:07');
insert into customer (customer_id, customer_name, ssn, phone_number, email_address, address_line_1, city, state_province, postal_code, country, citizenship, dob) values (23, 'Kori Sells', '372-45-7758', '757-791-6273', 'ksellsm@hatena.ne.jp', '11525 Hauk Road', 'Norfolk', 'VA', '23520', 'US', 'US', '1999-10-31 02:50:04');
insert into customer (customer_id, customer_name, ssn, phone_number, email_address, address_line_1, city, state_province, postal_code, country, citizenship, dob) values (24, 'Dael Dive', '485-81-6522', '210-568-8097', 'ddiven@unicef.org', '5179 Lawn Way', 'San Antonio', 'TX', '78225', 'US', 'US', '1994-04-11 18:55:14');
insert into customer (customer_id, customer_name, ssn, phone_number, email_address, address_line_1, city, state_province, postal_code, country, citizenship, dob) values (25, 'Saree Shillom', '822-18-5149', '478-656-0226', 'sshillomo@printfriendly.com', '37357 Delladonna Terrace', 'Macon', 'GA', '31205', 'US', 'US', '1989-11-25 23:29:23');
insert into customer (customer_id, customer_name, ssn, phone_number, email_address, address_line_1, city, state_province, postal_code, country, citizenship, dob) values (26, 'Nikolaos Sawl', '495-14-7363', '310-812-5876', 'nsawlp@gmpg.org', '7738 Ramsey Avenue', 'San Francisco', 'CA', '94105', 'US', 'US', '1988-05-26 01:45:25');
insert into customer (customer_id, customer_name, ssn, phone_number, email_address, address_line_1, city, state_province, postal_code, country, citizenship, dob) values (27, 'Tom Carine', '133-63-0056', '702-735-0627', 'tcarineq@techcrunch.com', '8143 Brickson Park Parkway', 'Las Vegas', 'NV', '89193', 'US', 'US', '1992-01-20 21:56:57');
insert into customer (customer_id, customer_name, ssn, phone_number, email_address, address_line_1, city, state_province, postal_code, country, citizenship, dob) values (28, 'Constancy Archbell', '197-56-9464', '213-619-9068', 'carchbellr@reverbnation.com', '2 Kennedy Park', 'Los Angeles', 'CA', '90055', 'US', 'US', '1991-01-31 16:27:19');
insert into customer (customer_id, customer_name, ssn, phone_number, email_address, address_line_1, city, state_province, postal_code, country, citizenship, dob) values (29, 'Rurik Heck', '857-14-3914', '907-826-0582', 'rhecks@bing.com', '318 Mendota Terrace', 'Anchorage', 'AK', '99522', 'US', 'US', '1989-05-10 20:35:48');
insert into customer (customer_id, customer_name, ssn, phone_number, email_address, address_line_1, city, state_province, postal_code, country, citizenship, dob) values (30, 'Cordie Alvin', '322-21-4680', '405-363-1361', 'calvint@craigslist.org', '6 Holmberg Crossing', 'Oklahoma City', 'OK', '73109', 'US', 'US', '1991-04-22 11:38:38');
insert into customer (customer_id, customer_name, ssn, phone_number, email_address, address_line_1, city, state_province, postal_code, country, citizenship, dob) values (31, 'Evaleen Nockells', '367-47-9285', '318-894-7830', 'enockellsu@jiathis.com', '14605 Dahle Center', 'Shreveport', 'LA', '71166', 'US', 'US', '1991-11-21 02:40:11');
insert into customer (customer_id, customer_name, ssn, phone_number, email_address, address_line_1, city, state_province, postal_code, country, citizenship, dob) values (32, 'Christabella Sneller', '810-93-3470', '757-644-4221', 'csnellerv@elpais.com', '5 Barby Junction', 'Norfolk', 'VA', '23514', 'US', 'US', '1999-04-29 12:54:34');
insert into customer (customer_id, customer_name, ssn, phone_number, email_address, address_line_1, city, state_province, postal_code, country, citizenship, dob) values (33, 'Suzann Kibbye', '838-29-7040', '702-911-4644', 'skibbyew@tmall.com', '58 Menomonie Junction', 'Las Vegas', 'NV', '89110', 'US', 'US', '2000-01-12 17:22:10');
insert into customer (customer_id, customer_name, ssn, phone_number, email_address, address_line_1, city, state_province, postal_code, country, citizenship, dob) values (34, 'Cletis Iannetti', '776-98-2268', '719-724-0167', 'ciannettix@ovh.net', '53 Lyons Center', 'Pueblo', 'CO', '81005', 'US', 'US', '1996-04-07 19:49:13');
insert into customer (customer_id, customer_name, ssn, phone_number, email_address, address_line_1, city, state_province, postal_code, country, citizenship, dob) values (35, 'Faythe Hargie', '658-23-7983', '719-376-2990', 'fhargiey@dailymotion.com', '20 Division Drive', 'Colorado Springs', 'CO', '80915', 'US', 'US', '1993-06-30 12:51:04');
insert into customer (customer_id, customer_name, ssn, phone_number, email_address, address_line_1, city, state_province, postal_code, country, citizenship, dob) values (36, 'Dorian Storton', '644-20-6501', '406-405-8858', 'dstortonz@spotify.com', '2 Rusk Plaza', 'Billings', 'MT', '59112', 'US', 'US', '1998-06-25 06:41:30');
insert into customer (customer_id, customer_name, ssn, phone_number, email_address, address_line_1, city, state_province, postal_code, country, citizenship, dob) values (37, 'Johnnie Dennison', '301-69-3626', '202-798-8819', 'jdennison10@geocities.com', '12 Old Gate Center', 'Washington', 'DC', '20599', 'US', 'US', '1994-08-11 21:15:29');
insert into customer (customer_id, customer_name, ssn, phone_number, email_address, address_line_1, city, state_province, postal_code, country, citizenship, dob) values (38, 'Tess Antoszewski', '152-04-0676', '617-666-0151', 'tantoszewski11@unblog.fr', '17 Mayfield Center', 'Boston', 'MA', '02216', 'US', 'US', '1998-06-26 03:05:51');
insert into customer (customer_id, customer_name, ssn, phone_number, email_address, address_line_1, city, state_province, postal_code, country, citizenship, dob) values (39, 'Donella Eykelbosch', '300-89-3526', '571-705-6674', 'deykelbosch12@weather.com', '79283 Bartillon Plaza', 'Arlington', 'VA', '22225', 'US', 'US', '1996-02-21 17:58:12');
insert into customer (customer_id, customer_name, ssn, phone_number, email_address, address_line_1, city, state_province, postal_code, country, citizenship, dob) values (40, 'Major Millin', '530-27-6844', '952-859-3504', 'mmillin13@livejournal.com', '0775 Heath Alley', 'Minneapolis', 'MN', '55446', 'US', 'US', '1996-08-29 15:56:12');
insert into customer (customer_id, customer_name, ssn, phone_number, email_address, address_line_1, city, state_province, postal_code, country, citizenship, dob) values (41, 'Lindy Wellbeloved', '853-25-7772', '212-620-8945', 'lwellbeloved14@msu.edu', '7130 Holy Cross Alley', 'New York City', 'NY', '10004', 'US', 'US', '1999-03-20 22:38:06');
insert into customer (customer_id, customer_name, ssn, phone_number, email_address, address_line_1, city, state_province, postal_code, country, citizenship, dob) values (42, 'Westbrook Grigori', '844-92-3429', '408-187-2903', 'wgrigori15@slideshare.net', '244 Ryan Parkway', 'Santa Clara', 'CA', '95054', 'US', 'US', '1993-03-11 20:54:57');
insert into customer (customer_id, customer_name, ssn, phone_number, email_address, address_line_1, city, state_province, postal_code, country, citizenship, dob) values (43, 'Daniel Muzzall', '616-27-3036', '661-366-7326', 'dmuzzall16@oakley.com', '142 Bluestem Hill', 'Bakersfield', 'CA', '93399', 'US', 'US', '1988-07-01 13:09:46');
insert into customer (customer_id, customer_name, ssn, phone_number, email_address, address_line_1, city, state_province, postal_code, country, citizenship, dob) values (44, 'Baxy Knifton', '202-15-1257', '860-575-0321', 'bknifton17@springer.com', '00590 David Hill', 'Hartford', 'CT', '06152', 'US', 'US', '1991-05-21 18:57:56');
insert into customer (customer_id, customer_name, ssn, phone_number, email_address, address_line_1, city, state_province, postal_code, country, citizenship, dob) values (45, 'Dee Bollis', '823-17-3605', '857-369-5038', 'dbollis18@deviantart.com', '35661 Dixon Terrace', 'Boston', 'MA', '02114', 'US', 'US', '1992-02-02 15:22:26');
insert into customer (customer_id, customer_name, ssn, phone_number, email_address, address_line_1, city, state_province, postal_code, country, citizenship, dob) values (46, 'Nickola Moriarty', '558-31-7185', '330-640-9891', 'nmoriarty19@jimdo.com', '1922 Loeprich Road', 'Youngstown', 'OH', '44511', 'US', 'US', '1990-01-09 16:29:54');
insert into customer (customer_id, customer_name, ssn, phone_number, email_address, address_line_1, city, state_province, postal_code, country, citizenship, dob) values (47, 'Carolynn Sibylla', '659-53-7429', '810-240-8526', 'csibylla1a@chron.com', '2795 Mcguire Crossing', 'Flint', 'MI', '48550', 'US', 'US', '1987-11-22 15:47:50');
insert into customer (customer_id, customer_name, ssn, phone_number, email_address, address_line_1, city, state_province, postal_code, country, citizenship, dob) values (48, 'Tanney Chree', '209-73-4475', '585-379-8214', 'tchree1b@topsy.com', '662 Petterle Drive', 'Rochester', 'NY', '14683', 'US', 'US', '1996-12-14 05:19:20');
insert into customer (customer_id, customer_name, ssn, phone_number, email_address, address_line_1, city, state_province, postal_code, country, citizenship, dob) values (49, 'Colan Islep', '861-48-4414', '612-108-4139', 'cislep1c@drupal.org', '85800 Hazelcrest Street', 'Saint Paul', 'MN', '55114', 'US', 'US', '1993-09-09 20:35:41');
insert into customer (customer_id, customer_name, ssn, phone_number, email_address, address_line_1, city, state_province, postal_code, country, citizenship, dob) values (50, 'Mar Lawford', '479-46-3209', '706-669-0953', 'mlawford1d@narod.ru', '58 Arrowood Plaza', 'Augusta', 'GA', '30911', 'US', 'US', '1987-08-04 07:43:45');
insert into customer (customer_id, customer_name, ssn, phone_number, email_address, address_line_1, city, state_province, postal_code, country, citizenship, dob) values (51, 'Amerigo Vigors', '148-19-3965', '772-286-7153', 'avigors1e@theguardian.com', '85 Sloan Road', 'Vero Beach', 'FL', '32969', 'US', 'US', '1995-11-19 00:21:25');
insert into customer (customer_id, customer_name, ssn, phone_number, email_address, address_line_1, city, state_province, postal_code, country, citizenship, dob) values (52, 'Mariam Whiley', '788-18-0282', '336-628-3380', 'mwhiley1f@amazon.de', '4 Warner Parkway', 'Greensboro', 'NC', '27455', 'US', 'US', '1989-07-16 16:07:24');
insert into customer (customer_id, customer_name, ssn, phone_number, email_address, address_line_1, city, state_province, postal_code, country, citizenship, dob) values (53, 'Taber Chiese', '728-93-3560', '904-438-9873', 'tchiese1g@washington.edu', '1 Lotheville Parkway', 'Saint Augustine', 'FL', '32092', 'US', 'US', '1994-09-27 10:45:33');
insert into customer (customer_id, customer_name, ssn, phone_number, email_address, address_line_1, city, state_province, postal_code, country, citizenship, dob) values (54, 'Cymbre Greatham', '880-84-6183', '804-199-2157', 'cgreatham1h@chronoengine.com', '57 Fairview Alley', 'Richmond', 'VA', '23208', 'US', 'US', '1996-03-04 03:06:38');
insert into customer (customer_id, customer_name, ssn, phone_number, email_address, address_line_1, city, state_province, postal_code, country, citizenship, dob) values (55, 'Pegeen Harness', '690-18-5277', '937-801-7453', 'pharness1i@lulu.com', '7288 Debra Alley', 'Hamilton', 'OH', '45020', 'US', 'US', '1993-01-12 20:08:42');
insert into customer (customer_id, customer_name, ssn, phone_number, email_address, address_line_1, city, state_province, postal_code, country, citizenship, dob) values (56, 'Abigail Thornewell', '376-84-1780', '754-911-5769', 'athornewell1j@bluehost.com', '49 Drewry Point', 'Fort Lauderdale', 'FL', '33345', 'US', 'US', '1992-03-03 02:02:18');
insert into customer (customer_id, customer_name, ssn, phone_number, email_address, address_line_1, city, state_province, postal_code, country, citizenship, dob) values (57, 'Heddi Whiteman', '293-47-5348', '734-531-4727', 'hwhiteman1k@com.com', '790 Maywood Trail', 'Ann Arbor', 'MI', '48107', 'US', 'US', '1999-01-10 12:22:03');
insert into customer (customer_id, customer_name, ssn, phone_number, email_address, address_line_1, city, state_province, postal_code, country, citizenship, dob) values (58, 'Clarey Mainwaring', '587-40-4399', '850-215-2172', 'cmainwaring1l@omniture.com', '29122 La Follette Pass', 'Tallahassee', 'FL', '32314', 'US', 'US', '1998-08-31 13:51:05');
insert into customer (customer_id, customer_name, ssn, phone_number, email_address, address_line_1, city, state_province, postal_code, country, citizenship, dob) values (59, 'Janina Mapholm', '634-20-3074', '225-186-3368', 'jmapholm1m@ehow.com', '66892 Blue Bill Park Plaza', 'Baton Rouge', 'LA', '70836', 'US', 'US', '1996-09-02 20:48:28');
insert into customer (customer_id, customer_name, ssn, phone_number, email_address, address_line_1, city, state_province, postal_code, country, citizenship, dob) values (60, 'Tierney Reitenbach', '667-34-2437', '727-303-8868', 'treitenbach1n@mapy.cz', '057 Cambridge Drive', 'Largo', 'FL', '34643', 'US', 'US', '1988-03-06 19:38:12');
insert into customer (customer_id, customer_name, ssn, phone_number, email_address, address_line_1, city, state_province, postal_code, country, citizenship, dob) values (61, 'Culley Rheaume', '614-79-4076', '304-128-1648', 'crheaume1o@soup.io', '4 Commercial Drive', 'Huntington', 'WV', '25775', 'US', 'US', '1999-11-28 18:08:36');
insert into customer (customer_id, customer_name, ssn, phone_number, email_address, address_line_1, city, state_province, postal_code, country, citizenship, dob) values (62, 'Dora Fraczek', '860-25-6108', '651-659-8676', 'dfraczek1p@sogou.com', '05972 Center Road', 'Saint Paul', 'MN', '55123', 'US', 'US', '1989-08-19 09:14:07');
insert into customer (customer_id, customer_name, ssn, phone_number, email_address, address_line_1, city, state_province, postal_code, country, citizenship, dob) values (63, 'Murial Plaskitt', '198-22-7603', '404-620-9646', 'mplaskitt1q@wsj.com', '59 Anzinger Drive', 'Atlanta', 'GA', '30380', 'US', 'US', '1994-04-14 10:11:40');
insert into customer (customer_id, customer_name, ssn, phone_number, email_address, address_line_1, city, state_province, postal_code, country, citizenship, dob) values (64, 'Faye Wraith', '237-76-6710', '405-951-0210', 'fwraith1r@businessweek.com', '0 Quincy Pass', 'Oklahoma City', 'OK', '73147', 'US', 'US', '1993-10-14 23:53:45');
insert into customer (customer_id, customer_name, ssn, phone_number, email_address, address_line_1, city, state_province, postal_code, country, citizenship, dob) values (65, 'Carlotta Dubble', '790-37-2548', '865-321-6316', 'cdubble1s@wikispaces.com', '46 Jenifer Street', 'Knoxville', 'TN', '37939', 'US', 'US', '1987-08-30 17:30:40');
insert into customer (customer_id, customer_name, ssn, phone_number, email_address, address_line_1, city, state_province, postal_code, country, citizenship, dob) values (66, 'Fredrick Perrygo', '674-01-7836', '602-200-0600', 'fperrygo1t@bandcamp.com', '485 Killdeer Hill', 'Gilbert', 'AZ', '85297', 'US', 'US', '1988-04-30 14:09:59');
insert into customer (customer_id, customer_name, ssn, phone_number, email_address, address_line_1, city, state_province, postal_code, country, citizenship, dob) values (67, 'Debora Cowgill', '665-20-2369', '405-658-6560', 'dcowgill1u@webnode.com', '45698 Waxwing Park', 'Oklahoma City', 'OK', '73142', 'US', 'US', '1989-06-14 02:26:51');
insert into customer (customer_id, customer_name, ssn, phone_number, email_address, address_line_1, city, state_province, postal_code, country, citizenship, dob) values (68, 'Misti Walmsley', '611-28-0299', '212-606-7690', 'mwalmsley1v@umn.edu', '419 La Follette Hill', 'Jamaica', 'NY', '11499', 'US', 'US', '1994-01-25 03:54:08');
insert into customer (customer_id, customer_name, ssn, phone_number, email_address, address_line_1, city, state_province, postal_code, country, citizenship, dob) values (69, 'Joli Anderbrugge', '293-67-5061', '517-369-5218', 'janderbrugge1w@booking.com', '9478 Warrior Terrace', 'Lansing', 'MI', '48912', 'US', 'US', '1994-01-28 16:07:59');
insert into customer (customer_id, customer_name, ssn, phone_number, email_address, address_line_1, city, state_province, postal_code, country, citizenship, dob) values (70, 'Joletta Kubek', '786-79-3853', '254-136-8115', 'jkubek1x@photobucket.com', '3 Sloan Plaza', 'Waco', 'TX', '76705', 'US', 'US', '1993-10-06 00:07:32');
insert into customer (customer_id, customer_name, ssn, phone_number, email_address, address_line_1, city, state_province, postal_code, country, citizenship, dob) values (71, 'Andy Baldick', '870-14-3478', '804-427-1675', 'abaldick1y@blogs.com', '675 Southridge Point', 'Richmond', 'VA', '23277', 'US', 'US', '1992-08-29 10:45:40');
insert into customer (customer_id, customer_name, ssn, phone_number, email_address, address_line_1, city, state_province, postal_code, country, citizenship, dob) values (72, 'Pippa Hunnisett', '180-02-6428', '757-831-6036', 'phunnisett1z@google.co.uk', '5 Alpine Lane', 'Hampton', 'VA', '23668', 'US', 'US', '1991-04-29 22:13:06');
insert into customer (customer_id, customer_name, ssn, phone_number, email_address, address_line_1, city, state_province, postal_code, country, citizenship, dob) values (73, 'Arline Phoebe', '281-43-5433', '225-266-4019', 'aphoebe20@java.com', '30 Jackson Avenue', 'Baton Rouge', 'LA', '70810', 'US', 'US', '1994-03-30 03:41:24');
insert into customer (customer_id, customer_name, ssn, phone_number, email_address, address_line_1, city, state_province, postal_code, country, citizenship, dob) values (74, 'Lenka Doucette', '543-07-7778', '305-369-4705', 'ldoucette21@slideshare.net', '78102 Pennsylvania Park', 'Miami', 'FL', '33134', 'US', 'US', '1999-12-03 20:34:42');
insert into customer (customer_id, customer_name, ssn, phone_number, email_address, address_line_1, city, state_province, postal_code, country, citizenship, dob) values (75, 'Rozanna Arnao', '495-08-6415', '214-522-0313', 'rarnao22@clickbank.net', '82665 Kenwood Lane', 'Dallas', 'TX', '75277', 'US', 'US', '1998-01-16 01:12:47');
insert into customer (customer_id, customer_name, ssn, phone_number, email_address, address_line_1, city, state_province, postal_code, country, citizenship, dob) values (76, 'Iolanthe Railton', '742-07-6358', '202-940-9719', 'irailton23@cargocollective.com', '5306 Macpherson Circle', 'Washington', 'DC', '20535', 'US', 'US', '1998-01-12 10:02:12');
insert into customer (customer_id, customer_name, ssn, phone_number, email_address, address_line_1, city, state_province, postal_code, country, citizenship, dob) values (77, 'Ileane Vase', '493-02-1924', '814-453-6650', 'ivase24@fastcompany.com', '5090 Swallow Way', 'Erie', 'PA', '16522', 'US', 'US', '1988-03-04 05:02:06');
insert into customer (customer_id, customer_name, ssn, phone_number, email_address, address_line_1, city, state_province, postal_code, country, citizenship, dob) values (78, 'Michaelina Lunny', '777-55-9981', '601-559-2188', 'mlunny25@hp.com', '77 Roxbury Hill', 'Jackson', 'MS', '39204', 'US', 'US', '1999-02-08 04:25:38');
insert into customer (customer_id, customer_name, ssn, phone_number, email_address, address_line_1, city, state_province, postal_code, country, citizenship, dob) values (79, 'Garland Oxx', '812-04-7230', '202-995-6059', 'goxx26@amazon.co.jp', '37920 Dexter Circle', 'Washington', 'DC', '20260', 'US', 'US', '1992-09-12 22:01:34');
insert into customer (customer_id, customer_name, ssn, phone_number, email_address, address_line_1, city, state_province, postal_code, country, citizenship, dob) values (80, 'Nananne Sloyan', '246-40-5864', '337-209-8956', 'nsloyan27@ebay.co.uk', '9165 Blackbird Crossing', 'Lake Charles', 'LA', '70616', 'US', 'US', '1990-03-21 12:47:36');
insert into customer (customer_id, customer_name, ssn, phone_number, email_address, address_line_1, city, state_province, postal_code, country, citizenship, dob) values (81, 'Adria Patridge', '395-76-1759', '704-867-1132', 'apatridge28@java.com', '00 Corben Way', 'Charlotte', 'NC', '28215', 'US', 'US', '1995-11-26 23:46:54');
insert into customer (customer_id, customer_name, ssn, phone_number, email_address, address_line_1, city, state_province, postal_code, country, citizenship, dob) values (82, 'Cahra Kitchinham', '370-62-7109', '202-492-5417', 'ckitchinham29@bizjournals.com', '6 Grim Point', 'Washington', 'DC', '20238', 'US', 'US', '1999-12-15 22:50:04');
insert into customer (customer_id, customer_name, ssn, phone_number, email_address, address_line_1, city, state_province, postal_code, country, citizenship, dob) values (83, 'Jill Ridett', '691-58-1918', '678-864-5520', 'jridett2a@skyrock.com', '1743 Cascade Way', 'Duluth', 'GA', '30096', 'US', 'US', '1994-06-22 20:46:12');
insert into customer (customer_id, customer_name, ssn, phone_number, email_address, address_line_1, city, state_province, postal_code, country, citizenship, dob) values (84, 'Grantham Haquard', '267-49-8847', '309-398-8991', 'ghaquard2b@whitehouse.gov', '08052 Blaine Plaza', 'Carol Stream', 'IL', '60158', 'US', 'US', '1997-06-08 09:31:34');
insert into customer (customer_id, customer_name, ssn, phone_number, email_address, address_line_1, city, state_province, postal_code, country, citizenship, dob) values (85, 'Johnna Cahalan', '164-93-0497', '559-613-5654', 'jcahalan2c@ovh.net', '3 Porter Way', 'Fresno', 'CA', '93750', 'US', 'US', '1990-06-24 09:07:43');
insert into customer (customer_id, customer_name, ssn, phone_number, email_address, address_line_1, city, state_province, postal_code, country, citizenship, dob) values (86, 'Burgess Leathwood', '393-68-7426', '414-236-1806', 'bleathwood2d@blogtalkradio.com', '9 Ludington Plaza', 'Milwaukee', 'WI', '53263', 'US', 'US', '1992-06-27 13:10:26');
insert into customer (customer_id, customer_name, ssn, phone_number, email_address, address_line_1, city, state_province, postal_code, country, citizenship, dob) values (87, 'Elbertina Barfield', '147-33-3930', '508-991-7499', 'ebarfield2e@webmd.com', '871 Express Road', 'Worcester', 'MA', '01654', 'US', 'US', '1987-03-30 19:53:27');
insert into customer (customer_id, customer_name, ssn, phone_number, email_address, address_line_1, city, state_province, postal_code, country, citizenship, dob) values (88, 'Jenelle Cominello', '735-39-7672', '404-601-7596', 'jcominello2f@ox.ac.uk', '6100 3rd Junction', 'Atlanta', 'GA', '31190', 'US', 'US', '1988-05-12 03:33:55');
insert into customer (customer_id, customer_name, ssn, phone_number, email_address, address_line_1, city, state_province, postal_code, country, citizenship, dob) values (89, 'Eran Carlisso', '705-45-0548', '408-777-0153', 'ecarlisso2g@squarespace.com', '92 Messerschmidt Point', 'San Jose', 'CA', '95194', 'US', 'US', '1999-07-11 22:44:06');
insert into customer (customer_id, customer_name, ssn, phone_number, email_address, address_line_1, city, state_province, postal_code, country, citizenship, dob) values (90, 'Maryjo Alonso', '107-87-9344', '217-764-0636', 'malonso2h@irs.gov', '4 Novick Point', 'Springfield', 'IL', '62756', 'US', 'US', '1992-12-23 05:30:19');
insert into customer (customer_id, customer_name, ssn, phone_number, email_address, address_line_1, city, state_province, postal_code, country, citizenship, dob) values (91, 'Gui MacCallion', '652-34-8238', '412-787-9732', 'gmaccallion2i@blogger.com', '556 Colorado Plaza', 'Pittsburgh', 'PA', '15205', 'US', 'US', '1998-04-25 05:51:20');
insert into customer (customer_id, customer_name, ssn, phone_number, email_address, address_line_1, city, state_province, postal_code, country, citizenship, dob) values (92, 'Maye O''Fihily', '173-54-5816', '405-470-3630', 'mofihily2j@ftc.gov', '295 Susan Avenue', 'Oklahoma City', 'OK', '73114', 'US', 'US', '1991-04-18 04:19:52');
insert into customer (customer_id, customer_name, ssn, phone_number, email_address, address_line_1, city, state_province, postal_code, country, citizenship, dob) values (93, 'Christal Qualtro', '397-44-4892', '520-422-7261', 'cqualtro2k@prnewswire.com', '830 Golf Course Road', 'Tucson', 'AZ', '85705', 'US', 'US', '1987-03-29 03:14:57');
insert into customer (customer_id, customer_name, ssn, phone_number, email_address, address_line_1, city, state_province, postal_code, country, citizenship, dob) values (94, 'Leila Brecken', '620-08-6975', '336-309-4366', 'lbrecken2l@utexas.edu', '4397 Gale Drive', 'High Point', 'NC', '27264', 'US', 'US', '1994-11-27 20:30:41');
insert into customer (customer_id, customer_name, ssn, phone_number, email_address, address_line_1, city, state_province, postal_code, country, citizenship, dob) values (95, 'Correy Truelove', '441-69-6385', '516-699-6965', 'ctruelove2m@ning.com', '3426 Washington Plaza', 'Jamaica', 'NY', '11407', 'US', 'US', '1995-07-23 15:13:23');
insert into customer (customer_id, customer_name, ssn, phone_number, email_address, address_line_1, city, state_province, postal_code, country, citizenship, dob) values (96, 'Gasper Scurrer', '719-34-0467', '310-775-2968', 'gscurrer2n@sogou.com', '9368 Beilfuss Terrace', 'Inglewood', 'CA', '90398', 'US', 'US', '1998-10-22 13:40:52');
insert into customer (customer_id, customer_name, ssn, phone_number, email_address, address_line_1, city, state_province, postal_code, country, citizenship, dob) values (97, 'Ulberto Kinzett', '645-18-8430', '540-744-9634', 'ukinzett2o@army.mil', '7627 Main Court', 'Roanoke', 'VA', '24009', 'US', 'US', '1991-11-23 04:22:31');
insert into customer (customer_id, customer_name, ssn, phone_number, email_address, address_line_1, city, state_province, postal_code, country, citizenship, dob) values (98, 'Pattin Sorrell', '486-57-3558', '801-558-0480', 'psorrell2p@google.nl', '2 Carpenter Point', 'Salt Lake City', 'UT', '84199', 'US', 'US', '1990-08-31 13:47:22');
insert into customer (customer_id, customer_name, ssn, phone_number, email_address, address_line_1, city, state_province, postal_code, country, citizenship, dob) values (99, 'Ree Mistry', '702-15-9186', '314-285-8723', 'rmistry2q@nifty.com', '6 Oriole Court', 'Saint Louis', 'MO', '63110', 'US', 'US', '1996-07-24 18:55:57');
insert into customer (customer_id, customer_name, ssn, phone_number, email_address, address_line_1, city, state_province, postal_code, country, citizenship, dob) values (100, 'Patty Egleton', '719-69-6491', '212-315-0084', 'pegleton2r@china.com.cn', '103 Troy Court', 'Brooklyn', 'NY', '11254', 'US', 'US', '1990-06-09 15:45:50');

insert into external_bank_account (external_account_id, external_account_number, external_routing_number, customer_id) values (1, 510468915, 681501634, 57);
insert into external_bank_account (external_account_id, external_account_number, external_routing_number, customer_id) values (2, 513525748, 986098557, 64);
insert into external_bank_account (external_account_id, external_account_number, external_routing_number, customer_id) values (3, 766226994, 793980309, 33);
insert into external_bank_account (external_account_id, external_account_number, external_routing_number, customer_id) values (4, 776439769, 385871518, 76);
insert into external_bank_account (external_account_id, external_account_number, external_routing_number, customer_id) values (5, 538684747, 898780220, 23);
insert into external_bank_account (external_account_id, external_account_number, external_routing_number, customer_id) values (6, 523414221, 899002316, 9);
insert into external_bank_account (external_account_id, external_account_number, external_routing_number, customer_id) values (7, 447996831, 345184785, 64);
insert into external_bank_account (external_account_id, external_account_number, external_routing_number, customer_id) values (8, 488721234, 914099666, 92);
insert into external_bank_account (external_account_id, external_account_number, external_routing_number, customer_id) values (9, 490514931, 163370275, 82);
insert into external_bank_account (external_account_id, external_account_number, external_routing_number, customer_id) values (10, 143713912, 147622052, 82);
insert into external_bank_account (external_account_id, external_account_number, external_routing_number, customer_id) values (11, 428161945, 907542590, 99);
insert into external_bank_account (external_account_id, external_account_number, external_routing_number, customer_id) values (12, 400459026, 516969568, 6);
insert into external_bank_account (external_account_id, external_account_number, external_routing_number, customer_id) values (13, 657299334, 813247570, 21);
insert into external_bank_account (external_account_id, external_account_number, external_routing_number, customer_id) values (14, 894087872, 493351567, 46);
insert into external_bank_account (external_account_id, external_account_number, external_routing_number, customer_id) values (15, 529830315, 268824946, 11);
insert into external_bank_account (external_account_id, external_account_number, external_routing_number, customer_id) values (16, 291749478, 784627105, 83);
insert into external_bank_account (external_account_id, external_account_number, external_routing_number, customer_id) values (17, 783463379, 702520301, 99);
insert into external_bank_account (external_account_id, external_account_number, external_routing_number, customer_id) values (18, 357542645, 410736456, 83);
insert into external_bank_account (external_account_id, external_account_number, external_routing_number, customer_id) values (19, 686345062, 944724737, 99);
insert into external_bank_account (external_account_id, external_account_number, external_routing_number, customer_id) values (20, 566470209, 416933739, 90);
insert into external_bank_account (external_account_id, external_account_number, external_routing_number, customer_id) values (21, 158336310, 140509652, 13);
insert into external_bank_account (external_account_id, external_account_number, external_routing_number, customer_id) values (22, 656579226, 424277838, 22);
insert into external_bank_account (external_account_id, external_account_number, external_routing_number, customer_id) values (23, 687339636, 388503120, 42);
insert into external_bank_account (external_account_id, external_account_number, external_routing_number, customer_id) values (24, 305377003, 542955774, 12);
insert into external_bank_account (external_account_id, external_account_number, external_routing_number, customer_id) values (25, 657025430, 726502648, 20);
insert into external_bank_account (external_account_id, external_account_number, external_routing_number, customer_id) values (26, 374903840, 633772923, 92);
insert into external_bank_account (external_account_id, external_account_number, external_routing_number, customer_id) values (27, 812328051, 341789502, 96);
insert into external_bank_account (external_account_id, external_account_number, external_routing_number, customer_id) values (28, 155997137, 148943199, 21);
insert into external_bank_account (external_account_id, external_account_number, external_routing_number, customer_id) values (29, 202700086, 175755534, 1);
insert into external_bank_account (external_account_id, external_account_number, external_routing_number, customer_id) values (30, 384317451, 543732813, 49);
insert into external_bank_account (external_account_id, external_account_number, external_routing_number, customer_id) values (31, 241872216, 917992246, 86);
insert into external_bank_account (external_account_id, external_account_number, external_routing_number, customer_id) values (32, 179118854, 175621308, 100);
insert into external_bank_account (external_account_id, external_account_number, external_routing_number, customer_id) values (33, 242866525, 391250712, 2);
insert into external_bank_account (external_account_id, external_account_number, external_routing_number, customer_id) values (34, 631396733, 658448881, 73);
insert into external_bank_account (external_account_id, external_account_number, external_routing_number, customer_id) values (35, 970525896, 269010258, 67);
insert into external_bank_account (external_account_id, external_account_number, external_routing_number, customer_id) values (36, 423848176, 479904744, 69);
insert into external_bank_account (external_account_id, external_account_number, external_routing_number, customer_id) values (37, 635500440, 195631882, 82);
insert into external_bank_account (external_account_id, external_account_number, external_routing_number, customer_id) values (38, 359899471, 331050897, 36);
insert into external_bank_account (external_account_id, external_account_number, external_routing_number, customer_id) values (39, 776583194, 800937924, 95);
insert into external_bank_account (external_account_id, external_account_number, external_routing_number, customer_id) values (40, 409511622, 916914824, 5);
insert into external_bank_account (external_account_id, external_account_number, external_routing_number, customer_id) values (41, 779176775, 327993351, 35);
insert into external_bank_account (external_account_id, external_account_number, external_routing_number, customer_id) values (42, 787576600, 518204643, 73);
insert into external_bank_account (external_account_id, external_account_number, external_routing_number, customer_id) values (43, 330652379, 338438926, 64);
insert into external_bank_account (external_account_id, external_account_number, external_routing_number, customer_id) values (44, 686052432, 185114734, 13);
insert into external_bank_account (external_account_id, external_account_number, external_routing_number, customer_id) values (45, 624588186, 928454629, 84);
insert into external_bank_account (external_account_id, external_account_number, external_routing_number, customer_id) values (46, 648001377, 713985242, 64);
insert into external_bank_account (external_account_id, external_account_number, external_routing_number, customer_id) values (47, 263264215, 488956610, 97);
insert into external_bank_account (external_account_id, external_account_number, external_routing_number, customer_id) values (48, 174203791, 264825416, 38);
insert into external_bank_account (external_account_id, external_account_number, external_routing_number, customer_id) values (49, 907598187, 819583306, 58);
insert into external_bank_account (external_account_id, external_account_number, external_routing_number, customer_id) values (50, 755845673, 916557207, 12);
insert into external_bank_account (external_account_id, external_account_number, external_routing_number, customer_id) values (51, 838579022, 217313582, 97);
insert into external_bank_account (external_account_id, external_account_number, external_routing_number, customer_id) values (52, 847322936, 346809445, 59);
insert into external_bank_account (external_account_id, external_account_number, external_routing_number, customer_id) values (53, 778156596, 585806149, 10);
insert into external_bank_account (external_account_id, external_account_number, external_routing_number, customer_id) values (54, 860981663, 687754817, 24);
insert into external_bank_account (external_account_id, external_account_number, external_routing_number, customer_id) values (55, 822052872, 350358089, 43);
insert into external_bank_account (external_account_id, external_account_number, external_routing_number, customer_id) values (56, 720172778, 278344743, 39);
insert into external_bank_account (external_account_id, external_account_number, external_routing_number, customer_id) values (57, 869666314, 156347280, 55);
insert into external_bank_account (external_account_id, external_account_number, external_routing_number, customer_id) values (58, 951647229, 578256207, 93);
insert into external_bank_account (external_account_id, external_account_number, external_routing_number, customer_id) values (59, 439977743, 895569066, 92);
insert into external_bank_account (external_account_id, external_account_number, external_routing_number, customer_id) values (60, 687361111, 453867827, 22);
insert into external_bank_account (external_account_id, external_account_number, external_routing_number, customer_id) values (61, 171156236, 900804805, 90);
insert into external_bank_account (external_account_id, external_account_number, external_routing_number, customer_id) values (62, 447412414, 307918329, 14);
insert into external_bank_account (external_account_id, external_account_number, external_routing_number, customer_id) values (63, 641168490, 479298877, 81);
insert into external_bank_account (external_account_id, external_account_number, external_routing_number, customer_id) values (64, 971244609, 515323271, 2);
insert into external_bank_account (external_account_id, external_account_number, external_routing_number, customer_id) values (65, 786271315, 842248399, 40);
insert into external_bank_account (external_account_id, external_account_number, external_routing_number, customer_id) values (66, 196061096, 603501007, 54);
insert into external_bank_account (external_account_id, external_account_number, external_routing_number, customer_id) values (67, 694991769, 175904810, 61);
insert into external_bank_account (external_account_id, external_account_number, external_routing_number, customer_id) values (68, 603472001, 472465783, 7);
insert into external_bank_account (external_account_id, external_account_number, external_routing_number, customer_id) values (69, 407024951, 796824120, 29);
insert into external_bank_account (external_account_id, external_account_number, external_routing_number, customer_id) values (70, 882167831, 264071392, 20);
insert into external_bank_account (external_account_id, external_account_number, external_routing_number, customer_id) values (71, 915006515, 380911734, 33);
insert into external_bank_account (external_account_id, external_account_number, external_routing_number, customer_id) values (72, 555775854, 512184239, 63);
insert into external_bank_account (external_account_id, external_account_number, external_routing_number, customer_id) values (73, 229464168, 741481165, 45);
insert into external_bank_account (external_account_id, external_account_number, external_routing_number, customer_id) values (74, 259631399, 755669340, 23);
insert into external_bank_account (external_account_id, external_account_number, external_routing_number, customer_id) values (75, 710244999, 411237704, 73);
insert into external_bank_account (external_account_id, external_account_number, external_routing_number, customer_id) values (76, 901248783, 202081713, 98);
insert into external_bank_account (external_account_id, external_account_number, external_routing_number, customer_id) values (77, 893806025, 425454853, 97);
insert into external_bank_account (external_account_id, external_account_number, external_routing_number, customer_id) values (78, 428192941, 148281303, 37);
insert into external_bank_account (external_account_id, external_account_number, external_routing_number, customer_id) values (79, 425948432, 799124418, 20);
insert into external_bank_account (external_account_id, external_account_number, external_routing_number, customer_id) values (80, 877182931, 465937703, 55);
insert into external_bank_account (external_account_id, external_account_number, external_routing_number, customer_id) values (81, 879160568, 967353637, 58);
insert into external_bank_account (external_account_id, external_account_number, external_routing_number, customer_id) values (82, 646710351, 580236711, 35);
insert into external_bank_account (external_account_id, external_account_number, external_routing_number, customer_id) values (83, 270112283, 985934012, 89);
insert into external_bank_account (external_account_id, external_account_number, external_routing_number, customer_id) values (84, 605201976, 890910358, 26);
insert into external_bank_account (external_account_id, external_account_number, external_routing_number, customer_id) values (85, 986513202, 878745522, 51);
insert into external_bank_account (external_account_id, external_account_number, external_routing_number, customer_id) values (86, 789369585, 388317001, 43);
insert into external_bank_account (external_account_id, external_account_number, external_routing_number, customer_id) values (87, 887118190, 249703248, 32);
insert into external_bank_account (external_account_id, external_account_number, external_routing_number, customer_id) values (88, 884232843, 477467817, 25);
insert into external_bank_account (external_account_id, external_account_number, external_routing_number, customer_id) values (89, 439056637, 816282838, 88);
insert into external_bank_account (external_account_id, external_account_number, external_routing_number, customer_id) values (90, 553226920, 797226743, 39);
insert into external_bank_account (external_account_id, external_account_number, external_routing_number, customer_id) values (91, 703923743, 959225386, 100);
insert into external_bank_account (external_account_id, external_account_number, external_routing_number, customer_id) values (92, 550023455, 146353705, 65);
insert into external_bank_account (external_account_id, external_account_number, external_routing_number, customer_id) values (93, 713709299, 361204764, 99);
insert into external_bank_account (external_account_id, external_account_number, external_routing_number, customer_id) values (94, 796466113, 281244170, 77);
insert into external_bank_account (external_account_id, external_account_number, external_routing_number, customer_id) values (95, 248127163, 978062910, 16);
insert into external_bank_account (external_account_id, external_account_number, external_routing_number, customer_id) values (96, 425647393, 644719280, 80);
insert into external_bank_account (external_account_id, external_account_number, external_routing_number, customer_id) values (97, 296402247, 581114441, 53);
insert into external_bank_account (external_account_id, external_account_number, external_routing_number, customer_id) values (98, 543973035, 226006985, 40);
insert into external_bank_account (external_account_id, external_account_number, external_routing_number, customer_id) values (99, 413876023, 736151620, 22);
insert into external_bank_account (external_account_id, external_account_number, external_routing_number, customer_id) values (100, 887567969, 511522688, 60);

insert into investment_account (account_number, balance, premium_account, customer_id) values (1, '$242826.23', true, 87);
insert into investment_account (account_number, balance, premium_account, customer_id) values (2, '$125592.53', true, 39);
insert into investment_account (account_number, balance, premium_account, customer_id) values (3, '$278429.10', true, 61);
insert into investment_account (account_number, balance, premium_account, customer_id) values (4, '$483991.38', false, 75);
insert into investment_account (account_number, balance, premium_account, customer_id) values (5, '$436785.83', true, 52);
insert into investment_account (account_number, balance, premium_account, customer_id) values (6, '$26104.66', true, 75);
insert into investment_account (account_number, balance, premium_account, customer_id) values (7, '$284072.52', false, 41);
insert into investment_account (account_number, balance, premium_account, customer_id) values (8, '$236984.90', true, 38);
insert into investment_account (account_number, balance, premium_account, customer_id) values (9, '$267447.33', false, 30);
insert into investment_account (account_number, balance, premium_account, customer_id) values (10, '$19582.57', false, 81);
insert into investment_account (account_number, balance, premium_account, customer_id) values (11, '$473904.93', true, 36);
insert into investment_account (account_number, balance, premium_account, customer_id) values (12, '$-3499.35', true, 23);
insert into investment_account (account_number, balance, premium_account, customer_id) values (13, '$439221.58', false, 1);
insert into investment_account (account_number, balance, premium_account, customer_id) values (14, '$117170.77', true, 15);
insert into investment_account (account_number, balance, premium_account, customer_id) values (15, '$359982.65', false, 70);
insert into investment_account (account_number, balance, premium_account, customer_id) values (16, '$389366.52', true, 44);
insert into investment_account (account_number, balance, premium_account, customer_id) values (17, '$408044.39', false, 60);
insert into investment_account (account_number, balance, premium_account, customer_id) values (18, '$239995.79', true, 71);
insert into investment_account (account_number, balance, premium_account, customer_id) values (19, '$-8133.75', false, 50);
insert into investment_account (account_number, balance, premium_account, customer_id) values (20, '$366535.88', false, 95);
insert into investment_account (account_number, balance, premium_account, customer_id) values (21, '$445966.96', true, 55);
insert into investment_account (account_number, balance, premium_account, customer_id) values (22, '$191523.56', false, 8);
insert into investment_account (account_number, balance, premium_account, customer_id) values (23, '$461085.79', false, 45);
insert into investment_account (account_number, balance, premium_account, customer_id) values (24, '$140996.87', false, 5);
insert into investment_account (account_number, balance, premium_account, customer_id) values (25, '$351114.60', true, 6);
insert into investment_account (account_number, balance, premium_account, customer_id) values (26, '$277513.78', false, 52);
insert into investment_account (account_number, balance, premium_account, customer_id) values (27, '$126591.55', false, 76);
insert into investment_account (account_number, balance, premium_account, customer_id) values (28, '$257912.14', false, 58);
insert into investment_account (account_number, balance, premium_account, customer_id) values (29, '$1553.79', true, 91);
insert into investment_account (account_number, balance, premium_account, customer_id) values (30, '$156835.25', true, 53);
insert into investment_account (account_number, balance, premium_account, customer_id) values (31, '$191309.85', false, 26);
insert into investment_account (account_number, balance, premium_account, customer_id) values (32, '$231685.62', false, 4);
insert into investment_account (account_number, balance, premium_account, customer_id) values (33, '$121761.21', true, 5);
insert into investment_account (account_number, balance, premium_account, customer_id) values (34, '$306080.23', true, 83);
insert into investment_account (account_number, balance, premium_account, customer_id) values (35, '$284274.46', false, 29);
insert into investment_account (account_number, balance, premium_account, customer_id) values (36, '$33231.49', true, 54);
insert into investment_account (account_number, balance, premium_account, customer_id) values (37, '$402964.83', true, 13);
insert into investment_account (account_number, balance, premium_account, customer_id) values (38, '$15538.79', false, 61);
insert into investment_account (account_number, balance, premium_account, customer_id) values (39, '$311820.49', true, 46);
insert into investment_account (account_number, balance, premium_account, customer_id) values (40, '$135840.46', true, 44);
insert into investment_account (account_number, balance, premium_account, customer_id) values (41, '$206180.67', true, 69);
insert into investment_account (account_number, balance, premium_account, customer_id) values (42, '$91342.51', false, 12);
insert into investment_account (account_number, balance, premium_account, customer_id) values (43, '$55312.80', false, 15);
insert into investment_account (account_number, balance, premium_account, customer_id) values (44, '$138312.16', true, 91);
insert into investment_account (account_number, balance, premium_account, customer_id) values (45, '$206976.98', false, 26);
insert into investment_account (account_number, balance, premium_account, customer_id) values (46, '$117633.37', false, 64);
insert into investment_account (account_number, balance, premium_account, customer_id) values (47, '$249691.78', false, 98);
insert into investment_account (account_number, balance, premium_account, customer_id) values (48, '$221926.06', false, 90);
insert into investment_account (account_number, balance, premium_account, customer_id) values (49, '$153986.00', false, 95);
insert into investment_account (account_number, balance, premium_account, customer_id) values (50, '$130755.64', false, 29);
insert into investment_account (account_number, balance, premium_account, customer_id) values (51, '$431621.21', true, 5);
insert into investment_account (account_number, balance, premium_account, customer_id) values (52, '$355050.32', true, 30);
insert into investment_account (account_number, balance, premium_account, customer_id) values (53, '$59239.74', false, 25);
insert into investment_account (account_number, balance, premium_account, customer_id) values (54, '$69456.71', false, 33);
insert into investment_account (account_number, balance, premium_account, customer_id) values (55, '$74653.79', false, 15);
insert into investment_account (account_number, balance, premium_account, customer_id) values (56, '$376119.53', true, 1);
insert into investment_account (account_number, balance, premium_account, customer_id) values (57, '$457058.22', false, 88);
insert into investment_account (account_number, balance, premium_account, customer_id) values (58, '$91309.34', false, 57);
insert into investment_account (account_number, balance, premium_account, customer_id) values (59, '$446216.84', true, 51);
insert into investment_account (account_number, balance, premium_account, customer_id) values (60, '$245827.63', false, 18);
insert into investment_account (account_number, balance, premium_account, customer_id) values (61, '$462251.62', false, 16);
insert into investment_account (account_number, balance, premium_account, customer_id) values (62, '$418835.40', false, 8);
insert into investment_account (account_number, balance, premium_account, customer_id) values (63, '$214095.80', true, 80);
insert into investment_account (account_number, balance, premium_account, customer_id) values (64, '$56969.59', false, 60);
insert into investment_account (account_number, balance, premium_account, customer_id) values (65, '$443264.26', true, 84);
insert into investment_account (account_number, balance, premium_account, customer_id) values (66, '$394456.87', true, 19);
insert into investment_account (account_number, balance, premium_account, customer_id) values (67, '$229031.81', true, 39);
insert into investment_account (account_number, balance, premium_account, customer_id) values (68, '$387280.02', false, 96);
insert into investment_account (account_number, balance, premium_account, customer_id) values (69, '$57329.46', false, 25);
insert into investment_account (account_number, balance, premium_account, customer_id) values (70, '$456079.78', false, 13);
insert into investment_account (account_number, balance, premium_account, customer_id) values (71, '$171826.05', false, 76);
insert into investment_account (account_number, balance, premium_account, customer_id) values (72, '$320025.55', true, 29);
insert into investment_account (account_number, balance, premium_account, customer_id) values (73, '$218255.82', true, 15);
insert into investment_account (account_number, balance, premium_account, customer_id) values (74, '$478952.45', false, 63);
insert into investment_account (account_number, balance, premium_account, customer_id) values (75, '$435283.40', true, 33);
insert into investment_account (account_number, balance, premium_account, customer_id) values (76, '$323188.38', false, 58);
insert into investment_account (account_number, balance, premium_account, customer_id) values (77, '$124328.60', true, 48);
insert into investment_account (account_number, balance, premium_account, customer_id) values (78, '$306090.78', false, 94);
insert into investment_account (account_number, balance, premium_account, customer_id) values (79, '$305633.18', true, 65);
insert into investment_account (account_number, balance, premium_account, customer_id) values (80, '$449052.09', false, 3);
insert into investment_account (account_number, balance, premium_account, customer_id) values (81, '$377363.83', true, 41);
insert into investment_account (account_number, balance, premium_account, customer_id) values (82, '$361765.01', true, 63);
insert into investment_account (account_number, balance, premium_account, customer_id) values (83, '$147673.49', false, 28);
insert into investment_account (account_number, balance, premium_account, customer_id) values (84, '$362262.73', false, 45);
insert into investment_account (account_number, balance, premium_account, customer_id) values (85, '$493711.30', false, 23);
insert into investment_account (account_number, balance, premium_account, customer_id) values (86, '$201504.40', false, 98);
insert into investment_account (account_number, balance, premium_account, customer_id) values (87, '$447216.12', false, 21);
insert into investment_account (account_number, balance, premium_account, customer_id) values (88, '$367134.70', false, 15);
insert into investment_account (account_number, balance, premium_account, customer_id) values (89, '$163939.98', false, 55);
insert into investment_account (account_number, balance, premium_account, customer_id) values (90, '$369023.65', true, 18);
insert into investment_account (account_number, balance, premium_account, customer_id) values (91, '$370918.71', false, 79);
insert into investment_account (account_number, balance, premium_account, customer_id) values (92, '$367047.66', true, 99);
insert into investment_account (account_number, balance, premium_account, customer_id) values (93, '$486162.25', true, 79);
insert into investment_account (account_number, balance, premium_account, customer_id) values (94, '$411337.95', true, 81);
insert into investment_account (account_number, balance, premium_account, customer_id) values (95, '$128580.56', false, 64);
insert into investment_account (account_number, balance, premium_account, customer_id) values (96, '$212268.88', true, 74);
insert into investment_account (account_number, balance, premium_account, customer_id) values (97, '$21716.71', false, 19);
insert into investment_account (account_number, balance, premium_account, customer_id) values (98, '$263619.02', false, 89);
insert into investment_account (account_number, balance, premium_account, customer_id) values (99, '$109879.67', true, 48);
insert into investment_account (account_number, balance, premium_account, customer_id) values (100, '$368641.69', false, 24);

insert into order_header (order_id, order_time, quantity, customer_id) values (1, '0:34', 8, 51);
insert into order_header (order_id, order_time, quantity, customer_id) values (2, '20:37', 83, 2);
insert into order_header (order_id, order_time, quantity, customer_id) values (3, '16:18', 80, 5);
insert into order_header (order_id, order_time, quantity, customer_id) values (4, '2:57', 4, 68);
insert into order_header (order_id, order_time, quantity, customer_id) values (5, '5:04', 9, 40);
insert into order_header (order_id, order_time, quantity, customer_id) values (6, '2:02', 53, 77);
insert into order_header (order_id, order_time, quantity, customer_id) values (7, '2:18', 31, 63);
insert into order_header (order_id, order_time, quantity, customer_id) values (8, '6:38', 18, 58);
insert into order_header (order_id, order_time, quantity, customer_id) values (9, '18:22', 37, 40);
insert into order_header (order_id, order_time, quantity, customer_id) values (10, '2:37', 100, 50);
insert into order_header (order_id, order_time, quantity, customer_id) values (11, '11:40', 47, 88);
insert into order_header (order_id, order_time, quantity, customer_id) values (12, '7:24', 30, 78);
insert into order_header (order_id, order_time, quantity, customer_id) values (13, '4:23', 99, 33);
insert into order_header (order_id, order_time, quantity, customer_id) values (14, '0:08', 52, 72);
insert into order_header (order_id, order_time, quantity, customer_id) values (15, '4:28', 12, 2);
insert into order_header (order_id, order_time, quantity, customer_id) values (16, '2:55', 46, 43);
insert into order_header (order_id, order_time, quantity, customer_id) values (17, '10:45', 16, 66);
insert into order_header (order_id, order_time, quantity, customer_id) values (18, '16:37', 10, 61);
insert into order_header (order_id, order_time, quantity, customer_id) values (19, '2:52', 51, 43);
insert into order_header (order_id, order_time, quantity, customer_id) values (20, '10:13', 74, 77);
insert into order_header (order_id, order_time, quantity, customer_id) values (21, '5:48', 98, 84);
insert into order_header (order_id, order_time, quantity, customer_id) values (22, '14:36', 15, 33);
insert into order_header (order_id, order_time, quantity, customer_id) values (23, '14:05', 48, 5);
insert into order_header (order_id, order_time, quantity, customer_id) values (24, '16:09', 97, 7);
insert into order_header (order_id, order_time, quantity, customer_id) values (25, '6:39', 100, 91);
insert into order_header (order_id, order_time, quantity, customer_id) values (26, '4:41', 80, 9);
insert into order_header (order_id, order_time, quantity, customer_id) values (27, '8:00', 85, 10);
insert into order_header (order_id, order_time, quantity, customer_id) values (28, '0:43', 18, 34);
insert into order_header (order_id, order_time, quantity, customer_id) values (29, '20:25', 19, 82);
insert into order_header (order_id, order_time, quantity, customer_id) values (30, '7:09', 66, 67);
insert into order_header (order_id, order_time, quantity, customer_id) values (31, '14:52', 51, 35);
insert into order_header (order_id, order_time, quantity, customer_id) values (32, '8:23', 36, 92);
insert into order_header (order_id, order_time, quantity, customer_id) values (33, '13:36', 45, 31);
insert into order_header (order_id, order_time, quantity, customer_id) values (34, '4:27', 41, 3);
insert into order_header (order_id, order_time, quantity, customer_id) values (35, '12:08', 26, 37);
insert into order_header (order_id, order_time, quantity, customer_id) values (36, '7:41', 69, 77);
insert into order_header (order_id, order_time, quantity, customer_id) values (37, '22:58', 69, 95);
insert into order_header (order_id, order_time, quantity, customer_id) values (38, '16:40', 95, 83);
insert into order_header (order_id, order_time, quantity, customer_id) values (39, '12:53', 33, 43);
insert into order_header (order_id, order_time, quantity, customer_id) values (40, '11:30', 99, 77);
insert into order_header (order_id, order_time, quantity, customer_id) values (41, '3:45', 74, 27);
insert into order_header (order_id, order_time, quantity, customer_id) values (42, '4:00', 14, 25);
insert into order_header (order_id, order_time, quantity, customer_id) values (43, '2:55', 10, 25);
insert into order_header (order_id, order_time, quantity, customer_id) values (44, '19:35', 36, 81);
insert into order_header (order_id, order_time, quantity, customer_id) values (45, '2:17', 88, 29);
insert into order_header (order_id, order_time, quantity, customer_id) values (46, '13:21', 28, 28);
insert into order_header (order_id, order_time, quantity, customer_id) values (47, '3:20', 57, 80);
insert into order_header (order_id, order_time, quantity, customer_id) values (48, '22:48', 18, 17);
insert into order_header (order_id, order_time, quantity, customer_id) values (49, '23:52', 97, 79);
insert into order_header (order_id, order_time, quantity, customer_id) values (50, '9:24', 17, 82);
insert into order_header (order_id, order_time, quantity, customer_id) values (51, '18:13', 13, 41);
insert into order_header (order_id, order_time, quantity, customer_id) values (52, '3:21', 53, 56);
insert into order_header (order_id, order_time, quantity, customer_id) values (53, '10:41', 7, 100);
insert into order_header (order_id, order_time, quantity, customer_id) values (54, '22:24', 32, 35);
insert into order_header (order_id, order_time, quantity, customer_id) values (55, '9:27', 62, 12);
insert into order_header (order_id, order_time, quantity, customer_id) values (56, '3:30', 40, 76);
insert into order_header (order_id, order_time, quantity, customer_id) values (57, '8:02', 7, 75);
insert into order_header (order_id, order_time, quantity, customer_id) values (58, '5:12', 30, 68);
insert into order_header (order_id, order_time, quantity, customer_id) values (59, '23:57', 2, 22);
insert into order_header (order_id, order_time, quantity, customer_id) values (60, '23:03', 62, 48);
insert into order_header (order_id, order_time, quantity, customer_id) values (61, '21:39', 42, 43);
insert into order_header (order_id, order_time, quantity, customer_id) values (62, '7:41', 37, 65);
insert into order_header (order_id, order_time, quantity, customer_id) values (63, '1:34', 17, 46);
insert into order_header (order_id, order_time, quantity, customer_id) values (64, '8:49', 64, 53);
insert into order_header (order_id, order_time, quantity, customer_id) values (65, '16:10', 76, 49);
insert into order_header (order_id, order_time, quantity, customer_id) values (66, '21:39', 87, 38);
insert into order_header (order_id, order_time, quantity, customer_id) values (67, '1:29', 50, 14);
insert into order_header (order_id, order_time, quantity, customer_id) values (68, '11:47', 64, 63);
insert into order_header (order_id, order_time, quantity, customer_id) values (69, '2:07', 67, 9);
insert into order_header (order_id, order_time, quantity, customer_id) values (70, '15:45', 54, 49);
insert into order_header (order_id, order_time, quantity, customer_id) values (71, '15:29', 71, 49);
insert into order_header (order_id, order_time, quantity, customer_id) values (72, '2:23', 31, 4);
insert into order_header (order_id, order_time, quantity, customer_id) values (73, '14:46', 50, 55);
insert into order_header (order_id, order_time, quantity, customer_id) values (74, '8:02', 55, 70);
insert into order_header (order_id, order_time, quantity, customer_id) values (75, '6:56', 42, 41);
insert into order_header (order_id, order_time, quantity, customer_id) values (76, '8:55', 33, 33);
insert into order_header (order_id, order_time, quantity, customer_id) values (77, '4:36', 67, 25);
insert into order_header (order_id, order_time, quantity, customer_id) values (78, '18:29', 63, 83);
insert into order_header (order_id, order_time, quantity, customer_id) values (79, '5:06', 19, 30);
insert into order_header (order_id, order_time, quantity, customer_id) values (80, '16:22', 26, 60);
insert into order_header (order_id, order_time, quantity, customer_id) values (81, '22:25', 87, 5);
insert into order_header (order_id, order_time, quantity, customer_id) values (82, '7:35', 29, 11);
insert into order_header (order_id, order_time, quantity, customer_id) values (83, '1:02', 6, 68);
insert into order_header (order_id, order_time, quantity, customer_id) values (84, '11:23', 53, 54);
insert into order_header (order_id, order_time, quantity, customer_id) values (85, '0:30', 34, 4);
insert into order_header (order_id, order_time, quantity, customer_id) values (86, '1:38', 14, 73);
insert into order_header (order_id, order_time, quantity, customer_id) values (87, '4:10', 53, 95);
insert into order_header (order_id, order_time, quantity, customer_id) values (88, '4:35', 55, 60);
insert into order_header (order_id, order_time, quantity, customer_id) values (89, '0:11', 49, 9);
insert into order_header (order_id, order_time, quantity, customer_id) values (90, '1:20', 82, 49);
insert into order_header (order_id, order_time, quantity, customer_id) values (91, '17:12', 72, 26);
insert into order_header (order_id, order_time, quantity, customer_id) values (92, '16:29', 34, 58);
insert into order_header (order_id, order_time, quantity, customer_id) values (93, '14:01', 28, 78);
insert into order_header (order_id, order_time, quantity, customer_id) values (94, '17:53', 43, 94);
insert into order_header (order_id, order_time, quantity, customer_id) values (95, '3:10', 76, 48);
insert into order_header (order_id, order_time, quantity, customer_id) values (96, '8:39', 18, 57);
insert into order_header (order_id, order_time, quantity, customer_id) values (97, '20:23', 44, 65);
insert into order_header (order_id, order_time, quantity, customer_id) values (98, '23:48', 24, 99);
insert into order_header (order_id, order_time, quantity, customer_id) values (99, '19:09', 60, 37);
insert into order_header (order_id, order_time, quantity, customer_id) values (100, '4:43', 13, 62);
insert into order_header (order_id, order_time, quantity, customer_id) values (101, '5:51', 62, 8);
insert into order_header (order_id, order_time, quantity, customer_id) values (102, '22:48', 52, 32);
insert into order_header (order_id, order_time, quantity, customer_id) values (103, '9:41', 94, 74);
insert into order_header (order_id, order_time, quantity, customer_id) values (104, '14:47', 20, 92);
insert into order_header (order_id, order_time, quantity, customer_id) values (105, '9:54', 81, 36);
insert into order_header (order_id, order_time, quantity, customer_id) values (106, '15:07', 18, 44);
insert into order_header (order_id, order_time, quantity, customer_id) values (107, '22:46', 82, 12);
insert into order_header (order_id, order_time, quantity, customer_id) values (108, '12:51', 56, 37);
insert into order_header (order_id, order_time, quantity, customer_id) values (109, '2:27', 19, 91);
insert into order_header (order_id, order_time, quantity, customer_id) values (110, '3:24', 32, 3);
insert into order_header (order_id, order_time, quantity, customer_id) values (111, '4:55', 78, 19);
insert into order_header (order_id, order_time, quantity, customer_id) values (112, '2:16', 10, 60);
insert into order_header (order_id, order_time, quantity, customer_id) values (113, '23:28', 77, 25);
insert into order_header (order_id, order_time, quantity, customer_id) values (114, '21:16', 97, 5);
insert into order_header (order_id, order_time, quantity, customer_id) values (115, '18:51', 22, 4);
insert into order_header (order_id, order_time, quantity, customer_id) values (116, '5:58', 76, 7);
insert into order_header (order_id, order_time, quantity, customer_id) values (117, '1:34', 54, 17);
insert into order_header (order_id, order_time, quantity, customer_id) values (118, '22:13', 87, 83);
insert into order_header (order_id, order_time, quantity, customer_id) values (119, '3:49', 33, 15);
insert into order_header (order_id, order_time, quantity, customer_id) values (120, '22:43', 4, 70);
insert into order_header (order_id, order_time, quantity, customer_id) values (121, '22:27', 70, 51);
insert into order_header (order_id, order_time, quantity, customer_id) values (122, '16:03', 26, 96);
insert into order_header (order_id, order_time, quantity, customer_id) values (123, '22:15', 40, 33);
insert into order_header (order_id, order_time, quantity, customer_id) values (124, '5:03', 83, 89);
insert into order_header (order_id, order_time, quantity, customer_id) values (125, '22:17', 88, 31);
insert into order_header (order_id, order_time, quantity, customer_id) values (126, '9:24', 99, 90);
insert into order_header (order_id, order_time, quantity, customer_id) values (127, '2:40', 37, 87);
insert into order_header (order_id, order_time, quantity, customer_id) values (128, '1:04', 82, 2);
insert into order_header (order_id, order_time, quantity, customer_id) values (129, '18:35', 86, 52);
insert into order_header (order_id, order_time, quantity, customer_id) values (130, '17:17', 8, 79);
insert into order_header (order_id, order_time, quantity, customer_id) values (131, '18:42', 46, 45);
insert into order_header (order_id, order_time, quantity, customer_id) values (132, '10:16', 84, 21);
insert into order_header (order_id, order_time, quantity, customer_id) values (133, '16:47', 19, 87);
insert into order_header (order_id, order_time, quantity, customer_id) values (134, '14:10', 100, 4);
insert into order_header (order_id, order_time, quantity, customer_id) values (135, '5:49', 72, 82);
insert into order_header (order_id, order_time, quantity, customer_id) values (136, '8:44', 17, 86);
insert into order_header (order_id, order_time, quantity, customer_id) values (137, '8:13', 1, 42);
insert into order_header (order_id, order_time, quantity, customer_id) values (138, '22:41', 14, 46);
insert into order_header (order_id, order_time, quantity, customer_id) values (139, '23:38', 40, 35);
insert into order_header (order_id, order_time, quantity, customer_id) values (140, '3:36', 93, 83);
insert into order_header (order_id, order_time, quantity, customer_id) values (141, '16:18', 38, 18);
insert into order_header (order_id, order_time, quantity, customer_id) values (142, '11:38', 32, 70);
insert into order_header (order_id, order_time, quantity, customer_id) values (143, '22:39', 80, 13);
insert into order_header (order_id, order_time, quantity, customer_id) values (144, '8:50', 74, 23);
insert into order_header (order_id, order_time, quantity, customer_id) values (145, '17:21', 60, 62);
insert into order_header (order_id, order_time, quantity, customer_id) values (146, '11:45', 12, 85);
insert into order_header (order_id, order_time, quantity, customer_id) values (147, '9:51', 62, 43);
insert into order_header (order_id, order_time, quantity, customer_id) values (148, '4:35', 60, 98);
insert into order_header (order_id, order_time, quantity, customer_id) values (149, '20:45', 51, 35);
insert into order_header (order_id, order_time, quantity, customer_id) values (150, '1:04', 51, 73);
insert into order_header (order_id, order_time, quantity, customer_id) values (151, '10:50', 59, 61);
insert into order_header (order_id, order_time, quantity, customer_id) values (152, '6:23', 84, 71);
insert into order_header (order_id, order_time, quantity, customer_id) values (153, '1:22', 44, 83);
insert into order_header (order_id, order_time, quantity, customer_id) values (154, '1:24', 63, 18);
insert into order_header (order_id, order_time, quantity, customer_id) values (155, '22:54', 66, 49);
insert into order_header (order_id, order_time, quantity, customer_id) values (156, '16:02', 99, 94);
insert into order_header (order_id, order_time, quantity, customer_id) values (157, '14:42', 49, 68);
insert into order_header (order_id, order_time, quantity, customer_id) values (158, '8:43', 93, 56);
insert into order_header (order_id, order_time, quantity, customer_id) values (159, '22:35', 12, 53);
insert into order_header (order_id, order_time, quantity, customer_id) values (160, '21:03', 98, 75);
insert into order_header (order_id, order_time, quantity, customer_id) values (161, '12:40', 61, 23);
insert into order_header (order_id, order_time, quantity, customer_id) values (162, '23:14', 72, 16);
insert into order_header (order_id, order_time, quantity, customer_id) values (163, '2:24', 32, 38);
insert into order_header (order_id, order_time, quantity, customer_id) values (164, '2:57', 31, 81);
insert into order_header (order_id, order_time, quantity, customer_id) values (165, '10:22', 48, 30);
insert into order_header (order_id, order_time, quantity, customer_id) values (166, '1:35', 70, 55);
insert into order_header (order_id, order_time, quantity, customer_id) values (167, '5:18', 8, 34);
insert into order_header (order_id, order_time, quantity, customer_id) values (168, '5:38', 38, 26);
insert into order_header (order_id, order_time, quantity, customer_id) values (169, '19:40', 76, 58);
insert into order_header (order_id, order_time, quantity, customer_id) values (170, '4:28', 52, 3);
insert into order_header (order_id, order_time, quantity, customer_id) values (171, '4:03', 23, 13);
insert into order_header (order_id, order_time, quantity, customer_id) values (172, '4:51', 10, 73);
insert into order_header (order_id, order_time, quantity, customer_id) values (173, '9:46', 94, 45);
insert into order_header (order_id, order_time, quantity, customer_id) values (174, '9:11', 42, 76);
insert into order_header (order_id, order_time, quantity, customer_id) values (175, '3:35', 80, 44);
insert into order_header (order_id, order_time, quantity, customer_id) values (176, '4:44', 33, 80);
insert into order_header (order_id, order_time, quantity, customer_id) values (177, '2:03', 90, 91);
insert into order_header (order_id, order_time, quantity, customer_id) values (178, '1:17', 62, 74);
insert into order_header (order_id, order_time, quantity, customer_id) values (179, '18:25', 31, 73);
insert into order_header (order_id, order_time, quantity, customer_id) values (180, '15:20', 75, 90);
insert into order_header (order_id, order_time, quantity, customer_id) values (181, '11:38', 89, 27);
insert into order_header (order_id, order_time, quantity, customer_id) values (182, '6:14', 66, 8);
insert into order_header (order_id, order_time, quantity, customer_id) values (183, '16:46', 17, 66);
insert into order_header (order_id, order_time, quantity, customer_id) values (184, '11:13', 34, 38);
insert into order_header (order_id, order_time, quantity, customer_id) values (185, '0:55', 93, 1);
insert into order_header (order_id, order_time, quantity, customer_id) values (186, '13:07', 53, 82);
insert into order_header (order_id, order_time, quantity, customer_id) values (187, '11:31', 38, 93);
insert into order_header (order_id, order_time, quantity, customer_id) values (188, '13:53', 70, 97);
insert into order_header (order_id, order_time, quantity, customer_id) values (189, '7:41', 54, 70);
insert into order_header (order_id, order_time, quantity, customer_id) values (190, '0:43', 94, 58);
insert into order_header (order_id, order_time, quantity, customer_id) values (191, '17:10', 29, 49);
insert into order_header (order_id, order_time, quantity, customer_id) values (192, '22:42', 24, 65);
insert into order_header (order_id, order_time, quantity, customer_id) values (193, '9:09', 16, 50);
insert into order_header (order_id, order_time, quantity, customer_id) values (194, '4:47', 77, 67);
insert into order_header (order_id, order_time, quantity, customer_id) values (195, '15:15', 82, 74);
insert into order_header (order_id, order_time, quantity, customer_id) values (196, '12:39', 15, 5);
insert into order_header (order_id, order_time, quantity, customer_id) values (197, '14:00', 90, 34);
insert into order_header (order_id, order_time, quantity, customer_id) values (198, '6:19', 70, 33);
insert into order_header (order_id, order_time, quantity, customer_id) values (199, '3:31', 77, 76);
insert into order_header (order_id, order_time, quantity, customer_id) values (200, '5:15', 39, 63);
insert into order_header (order_id, order_time, quantity, customer_id) values (201, '10:26', 61, 60);
insert into order_header (order_id, order_time, quantity, customer_id) values (202, '16:29', 31, 30);
insert into order_header (order_id, order_time, quantity, customer_id) values (203, '0:53', 41, 72);
insert into order_header (order_id, order_time, quantity, customer_id) values (204, '6:49', 10, 97);
insert into order_header (order_id, order_time, quantity, customer_id) values (205, '21:12', 54, 68);
insert into order_header (order_id, order_time, quantity, customer_id) values (206, '2:49', 23, 78);
insert into order_header (order_id, order_time, quantity, customer_id) values (207, '0:06', 14, 30);
insert into order_header (order_id, order_time, quantity, customer_id) values (208, '18:23', 2, 40);
insert into order_header (order_id, order_time, quantity, customer_id) values (209, '15:28', 46, 31);
insert into order_header (order_id, order_time, quantity, customer_id) values (210, '23:41', 61, 2);
insert into order_header (order_id, order_time, quantity, customer_id) values (211, '4:43', 28, 21);
insert into order_header (order_id, order_time, quantity, customer_id) values (212, '10:07', 3, 14);
insert into order_header (order_id, order_time, quantity, customer_id) values (213, '3:06', 6, 5);
insert into order_header (order_id, order_time, quantity, customer_id) values (214, '6:53', 5, 1);
insert into order_header (order_id, order_time, quantity, customer_id) values (215, '23:38', 57, 34);
insert into order_header (order_id, order_time, quantity, customer_id) values (216, '11:25', 34, 96);
insert into order_header (order_id, order_time, quantity, customer_id) values (217, '21:59', 74, 44);
insert into order_header (order_id, order_time, quantity, customer_id) values (218, '9:07', 57, 98);
insert into order_header (order_id, order_time, quantity, customer_id) values (219, '17:39', 38, 46);
insert into order_header (order_id, order_time, quantity, customer_id) values (220, '18:59', 31, 67);
insert into order_header (order_id, order_time, quantity, customer_id) values (221, '17:38', 82, 69);
insert into order_header (order_id, order_time, quantity, customer_id) values (222, '0:16', 39, 25);
insert into order_header (order_id, order_time, quantity, customer_id) values (223, '6:57', 42, 19);
insert into order_header (order_id, order_time, quantity, customer_id) values (224, '23:45', 16, 95);
insert into order_header (order_id, order_time, quantity, customer_id) values (225, '7:05', 41, 82);
insert into order_header (order_id, order_time, quantity, customer_id) values (226, '4:05', 11, 84);
insert into order_header (order_id, order_time, quantity, customer_id) values (227, '8:00', 32, 69);
insert into order_header (order_id, order_time, quantity, customer_id) values (228, '8:58', 56, 94);
insert into order_header (order_id, order_time, quantity, customer_id) values (229, '11:24', 39, 96);
insert into order_header (order_id, order_time, quantity, customer_id) values (230, '3:22', 75, 63);
insert into order_header (order_id, order_time, quantity, customer_id) values (231, '7:21', 13, 18);
insert into order_header (order_id, order_time, quantity, customer_id) values (232, '17:46', 30, 42);
insert into order_header (order_id, order_time, quantity, customer_id) values (233, '16:28', 29, 95);
insert into order_header (order_id, order_time, quantity, customer_id) values (234, '13:12', 51, 85);
insert into order_header (order_id, order_time, quantity, customer_id) values (235, '14:45', 60, 76);
insert into order_header (order_id, order_time, quantity, customer_id) values (236, '9:54', 7, 98);
insert into order_header (order_id, order_time, quantity, customer_id) values (237, '1:41', 75, 64);
insert into order_header (order_id, order_time, quantity, customer_id) values (238, '9:25', 6, 11);
insert into order_header (order_id, order_time, quantity, customer_id) values (239, '4:05', 86, 48);
insert into order_header (order_id, order_time, quantity, customer_id) values (240, '12:54', 22, 29);
insert into order_header (order_id, order_time, quantity, customer_id) values (241, '11:48', 43, 81);
insert into order_header (order_id, order_time, quantity, customer_id) values (242, '15:42', 21, 51);
insert into order_header (order_id, order_time, quantity, customer_id) values (243, '14:09', 12, 51);
insert into order_header (order_id, order_time, quantity, customer_id) values (244, '22:26', 15, 19);
insert into order_header (order_id, order_time, quantity, customer_id) values (245, '21:31', 5, 19);
insert into order_header (order_id, order_time, quantity, customer_id) values (246, '12:54', 7, 29);
insert into order_header (order_id, order_time, quantity, customer_id) values (247, '2:37', 2, 76);
insert into order_header (order_id, order_time, quantity, customer_id) values (248, '22:33', 85, 22);
insert into order_header (order_id, order_time, quantity, customer_id) values (249, '0:49', 63, 21);
insert into order_header (order_id, order_time, quantity, customer_id) values (250, '19:04', 6, 55);
insert into order_header (order_id, order_time, quantity, customer_id) values (251, '0:28', 30, 82);
insert into order_header (order_id, order_time, quantity, customer_id) values (252, '15:17', 40, 61);
insert into order_header (order_id, order_time, quantity, customer_id) values (253, '16:23', 63, 87);
insert into order_header (order_id, order_time, quantity, customer_id) values (254, '7:42', 87, 31);
insert into order_header (order_id, order_time, quantity, customer_id) values (255, '15:31', 73, 63);
insert into order_header (order_id, order_time, quantity, customer_id) values (256, '1:13', 14, 18);
insert into order_header (order_id, order_time, quantity, customer_id) values (257, '3:13', 50, 39);
insert into order_header (order_id, order_time, quantity, customer_id) values (258, '13:12', 55, 93);
insert into order_header (order_id, order_time, quantity, customer_id) values (259, '1:47', 82, 27);
insert into order_header (order_id, order_time, quantity, customer_id) values (260, '9:16', 22, 38);
insert into order_header (order_id, order_time, quantity, customer_id) values (261, '16:13', 41, 50);
insert into order_header (order_id, order_time, quantity, customer_id) values (262, '12:03', 52, 38);
insert into order_header (order_id, order_time, quantity, customer_id) values (263, '12:01', 15, 18);
insert into order_header (order_id, order_time, quantity, customer_id) values (264, '3:45', 91, 21);
insert into order_header (order_id, order_time, quantity, customer_id) values (265, '18:49', 63, 97);
insert into order_header (order_id, order_time, quantity, customer_id) values (266, '8:49', 66, 42);
insert into order_header (order_id, order_time, quantity, customer_id) values (267, '19:22', 84, 33);
insert into order_header (order_id, order_time, quantity, customer_id) values (268, '2:38', 38, 82);
insert into order_header (order_id, order_time, quantity, customer_id) values (269, '1:47', 77, 63);
insert into order_header (order_id, order_time, quantity, customer_id) values (270, '20:21', 23, 80);
insert into order_header (order_id, order_time, quantity, customer_id) values (271, '17:43', 98, 53);
insert into order_header (order_id, order_time, quantity, customer_id) values (272, '14:13', 23, 81);
insert into order_header (order_id, order_time, quantity, customer_id) values (273, '18:17', 54, 14);
insert into order_header (order_id, order_time, quantity, customer_id) values (274, '16:04', 1, 21);
insert into order_header (order_id, order_time, quantity, customer_id) values (275, '6:53', 61, 91);
insert into order_header (order_id, order_time, quantity, customer_id) values (276, '3:20', 54, 3);
insert into order_header (order_id, order_time, quantity, customer_id) values (277, '12:52', 67, 16);
insert into order_header (order_id, order_time, quantity, customer_id) values (278, '0:34', 47, 54);
insert into order_header (order_id, order_time, quantity, customer_id) values (279, '9:34', 53, 70);
insert into order_header (order_id, order_time, quantity, customer_id) values (280, '13:26', 30, 98);
insert into order_header (order_id, order_time, quantity, customer_id) values (281, '6:12', 86, 48);
insert into order_header (order_id, order_time, quantity, customer_id) values (282, '16:25', 47, 48);
insert into order_header (order_id, order_time, quantity, customer_id) values (283, '1:09', 35, 30);
insert into order_header (order_id, order_time, quantity, customer_id) values (284, '5:37', 67, 95);
insert into order_header (order_id, order_time, quantity, customer_id) values (285, '21:21', 21, 10);
insert into order_header (order_id, order_time, quantity, customer_id) values (286, '8:23', 42, 60);
insert into order_header (order_id, order_time, quantity, customer_id) values (287, '0:42', 97, 4);
insert into order_header (order_id, order_time, quantity, customer_id) values (288, '15:48', 20, 33);
insert into order_header (order_id, order_time, quantity, customer_id) values (289, '12:22', 6, 53);
insert into order_header (order_id, order_time, quantity, customer_id) values (290, '16:17', 50, 92);
insert into order_header (order_id, order_time, quantity, customer_id) values (291, '17:22', 76, 76);
insert into order_header (order_id, order_time, quantity, customer_id) values (292, '17:57', 75, 30);
insert into order_header (order_id, order_time, quantity, customer_id) values (293, '20:47', 99, 31);
insert into order_header (order_id, order_time, quantity, customer_id) values (294, '23:21', 35, 21);
insert into order_header (order_id, order_time, quantity, customer_id) values (295, '11:44', 36, 96);
insert into order_header (order_id, order_time, quantity, customer_id) values (296, '21:59', 78, 26);
insert into order_header (order_id, order_time, quantity, customer_id) values (297, '3:24', 7, 75);
insert into order_header (order_id, order_time, quantity, customer_id) values (298, '7:10', 3, 100);
insert into order_header (order_id, order_time, quantity, customer_id) values (299, '17:27', 88, 25);
insert into order_header (order_id, order_time, quantity, customer_id) values (300, '15:49', 88, 41);

insert into security_header (ticker_id, security_name, account_number, order_id, killswitch) values ('ERA', 'Era Group, Inc.', 23, 209, true);
insert into security_header (ticker_id, security_name, account_number, order_id, killswitch) values ('KKR^A', 'KKR & Co. L.P.', 30, 117, false);
insert into security_header (ticker_id, security_name, account_number, order_id, killswitch) values ('BDE', 'Black Diamond, Inc.', 13, 111, true);
insert into security_header (ticker_id, security_name, account_number, order_id, killswitch) values ('IRET', 'Investors Real Estate Trust', 65, 54, true);
insert into security_header (ticker_id, security_name, account_number, order_id, killswitch) values ('SJR', 'Shaw Communications Inc.', 10, 258, true);
insert into security_header (ticker_id, security_name, account_number, order_id, killswitch) values ('ALB', 'Albemarle Corporation', 63, 239, false);
insert into security_header (ticker_id, security_name, account_number, order_id, killswitch) values ('WCC', 'WESCO International, Inc.', 6, 279, false);
insert into security_header (ticker_id, security_name, account_number, order_id, killswitch) values ('WTR', 'Aqua America, Inc.', 60, 50, true);
insert into security_header (ticker_id, security_name, account_number, order_id, killswitch) values ('GYB', 'CABCO Series 2004-101 Trust', 3, 130, false);
insert into security_header (ticker_id, security_name, account_number, order_id, killswitch) values ('WWE', 'World Wrestling Entertainment, Inc.', 53, 53, true);
insert into security_header (ticker_id, security_name, account_number, order_id, killswitch) values ('MPCT', 'iShares MSCI Global Impact ETF', 99, 188, true);
insert into security_header (ticker_id, security_name, account_number, order_id, killswitch) values ('EVH', 'Evolent Health, Inc', 71, 146, true);
insert into security_header (ticker_id, security_name, account_number, order_id, killswitch) values ('NRP', 'Natural Resource Partners LP', 91, 168, false);
insert into security_header (ticker_id, security_name, account_number, order_id, killswitch) values ('PHT', 'Pioneer High Income Trust', 84, 3, false);
insert into security_header (ticker_id, security_name, account_number, order_id, killswitch) values ('AHPAU', 'Avista Healthcare Public Acquisition Corp.', 52, 125, false);
insert into security_header (ticker_id, security_name, account_number, order_id, killswitch) values ('AMBA', 'Ambarella, Inc.', 60, 299, false);
insert into security_header (ticker_id, security_name, account_number, order_id, killswitch) values ('SBRA', 'Sabra Healthcare REIT, Inc.', 59, 78, false);
insert into security_header (ticker_id, security_name, account_number, order_id, killswitch) values ('GMTA', 'GATX Corporation', 39, 219, false);
insert into security_header (ticker_id, security_name, account_number, order_id, killswitch) values ('DAC', 'Danaos Corporation', 94, 232, true);
insert into security_header (ticker_id, security_name, account_number, order_id, killswitch) values ('VNET', '21Vianet Group, Inc.', 90, 296, true);
insert into security_header (ticker_id, security_name, account_number, order_id, killswitch) values ('EUFN', 'iShares MSCI Europe Financials Sector Index Fund', 96, 285, false);
insert into security_header (ticker_id, security_name, account_number, order_id, killswitch) values ('RTTR', 'Ritter Pharmaceuticals, Inc.', 9, 90, true);
insert into security_header (ticker_id, security_name, account_number, order_id, killswitch) values ('SRF', 'Cushing Energy Income Fund (The)', 40, 37, true);
insert into security_header (ticker_id, security_name, account_number, order_id, killswitch) values ('TVIX', 'VelocityShares Daily 2x VIX Short-Term ETN', 3, 44, false);
insert into security_header (ticker_id, security_name, account_number, order_id, killswitch) values ('ADES', 'Advanced Emissions Solutions, Inc.', 92, 293, false);
insert into security_header (ticker_id, security_name, account_number, order_id, killswitch) values ('SNC', 'State National Companies, Inc.', 81, 177, false);
insert into security_header (ticker_id, security_name, account_number, order_id, killswitch) values ('SMCI', 'Super Micro Computer, Inc.', 62, 38, true);
insert into security_header (ticker_id, security_name, account_number, order_id, killswitch) values ('EPC', 'Energizer Holdings, Inc.', 31, 194, false);
insert into security_header (ticker_id, security_name, account_number, order_id, killswitch) values ('MET^A', 'MetLife, Inc.', 51, 73, true);
insert into security_header (ticker_id, security_name, account_number, order_id, killswitch) values ('WTFC', 'Wintrust Financial Corporation', 48, 240, true);
insert into security_header (ticker_id, security_name, account_number, order_id, killswitch) values ('QIWI', 'QIWI plc', 93, 220, false);
insert into security_header (ticker_id, security_name, account_number, order_id, killswitch) values ('ADM', 'Archer-Daniels-Midland Company', 9, 25, false);
insert into security_header (ticker_id, security_name, account_number, order_id, killswitch) values ('WSTG', 'Wayside Technology Group, Inc.', 54, 290, true);
insert into security_header (ticker_id, security_name, account_number, order_id, killswitch) values ('PHK', 'Pimco High Income Fund', 98, 182, true);
insert into security_header (ticker_id, security_name, account_number, order_id, killswitch) values ('CHL', 'China Mobile (Hong Kong) Ltd.', 46, 247, true);
insert into security_header (ticker_id, security_name, account_number, order_id, killswitch) values ('SCHW^B', 'The Charles Schwab Corporation', 5, 215, false);
insert into security_header (ticker_id, security_name, account_number, order_id, killswitch) values ('ESGU', 'iShares MSCI USA ESG Optimized ETF', 9, 207, true);
insert into security_header (ticker_id, security_name, account_number, order_id, killswitch) values ('CORE', 'Core-Mark Holding Company, Inc.', 69, 181, true);
insert into security_header (ticker_id, security_name, account_number, order_id, killswitch) values ('PRGO', 'Perrigo Company', 84, 202, false);
insert into security_header (ticker_id, security_name, account_number, order_id, killswitch) values ('PLUS', 'ePlus inc.', 76, 240, false);
insert into security_header (ticker_id, security_name, account_number, order_id, killswitch) values ('TCI', 'Transcontinental Realty Investors, Inc.', 72, 121, true);
insert into security_header (ticker_id, security_name, account_number, order_id, killswitch) values ('ELF', 'e.l.f. Beauty, Inc.', 66, 79, false);
insert into security_header (ticker_id, security_name, account_number, order_id, killswitch) values ('MQT', 'Blackrock MuniYield Quality Fund II, Inc.', 60, 226, true);
insert into security_header (ticker_id, security_name, account_number, order_id, killswitch) values ('PIY', 'Merrill Lynch Depositor, Inc.', 3, 69, true);
insert into security_header (ticker_id, security_name, account_number, order_id, killswitch) values ('IART', 'Integra LifeSciences Holdings Corporation', 66, 53, true);
insert into security_header (ticker_id, security_name, account_number, order_id, killswitch) values ('GMED', 'Globus Medical, Inc.', 97, 14, true);
insert into security_header (ticker_id, security_name, account_number, order_id, killswitch) values ('CPSS', 'Consumer Portfolio Services, Inc.', 59, 258, true);
insert into security_header (ticker_id, security_name, account_number, order_id, killswitch) values ('CHH', 'Choice Hotels International, Inc.', 55, 108, true);
insert into security_header (ticker_id, security_name, account_number, order_id, killswitch) values ('EMCF', 'Emclaire Financial Corp', 88, 75, false);
insert into security_header (ticker_id, security_name, account_number, order_id, killswitch) values ('IDXG', 'Interpace Diagnostics Group, Inc.', 36, 94, true);
insert into security_header (ticker_id, security_name, account_number, order_id, killswitch) values ('AGEN', 'Agenus Inc.', 23, 120, true);
insert into security_header (ticker_id, security_name, account_number, order_id, killswitch) values ('WKHS', 'Workhorse Group, Inc.', 1, 255, false);
insert into security_header (ticker_id, security_name, account_number, order_id, killswitch) values ('ASPS', 'Altisource Portfolio Solutions S.A.', 95, 173, true);
insert into security_header (ticker_id, security_name, account_number, order_id, killswitch) values ('KOS', 'Kosmos Energy Ltd.', 57, 70, false);
insert into security_header (ticker_id, security_name, account_number, order_id, killswitch) values ('ABR^C', 'Arbor Realty Trust', 100, 196, true);
insert into security_header (ticker_id, security_name, account_number, order_id, killswitch) values ('STI.WS.A', 'SunTrust Banks, Inc.', 47, 19, true);
insert into security_header (ticker_id, security_name, account_number, order_id, killswitch) values ('NLY', 'Annaly Capital Management Inc', 83, 300, false);
insert into security_header (ticker_id, security_name, account_number, order_id, killswitch) values ('EBR.B', 'Centrais Electricas Brasileiras S.A.- Eletrobras', 5, 99, false);
insert into security_header (ticker_id, security_name, account_number, order_id, killswitch) values ('EGLT', 'Egalet Corporation', 52, 148, true);
insert into security_header (ticker_id, security_name, account_number, order_id, killswitch) values ('OXLCO', 'Oxford Lane Capital Corp.', 18, 195, false);
insert into security_header (ticker_id, security_name, account_number, order_id, killswitch) values ('QQEW', 'First Trust NASDAQ-100 Equal Weighted Index Fund', 73, 31, true);
insert into security_header (ticker_id, security_name, account_number, order_id, killswitch) values ('SRET', 'Global X SuperDividend REIT ETF', 14, 158, false);
insert into security_header (ticker_id, security_name, account_number, order_id, killswitch) values ('SOHU', 'Sohu.com Inc.', 56, 125, true);
insert into security_header (ticker_id, security_name, account_number, order_id, killswitch) values ('PAAC', 'Pacific Special Acquisition Corp.', 62, 221, true);
insert into security_header (ticker_id, security_name, account_number, order_id, killswitch) values ('MBSD', 'FlexShares Disciplined Duration MBS Index Fund', 99, 236, true);
insert into security_header (ticker_id, security_name, account_number, order_id, killswitch) values ('ZF', 'Virtus Total Return Fund Inc.', 77, 241, false);
insert into security_header (ticker_id, security_name, account_number, order_id, killswitch) values ('AIN', 'Albany International Corporation', 33, 182, true);
insert into security_header (ticker_id, security_name, account_number, order_id, killswitch) values ('IXUS', 'iShares Core MSCI Total International Stock ETF', 17, 88, false);
insert into security_header (ticker_id, security_name, account_number, order_id, killswitch) values ('TGP^A', 'Teekay LNG Partners L.P.', 16, 12, false);
insert into security_header (ticker_id, security_name, account_number, order_id, killswitch) values ('IPCI', 'Intellipharmaceutics International Inc.', 62, 22, false);
insert into security_header (ticker_id, security_name, account_number, order_id, killswitch) values ('BHACW', 'Barington/Hilco Acquisition Corp.', 41, 187, false);
insert into security_header (ticker_id, security_name, account_number, order_id, killswitch) values ('PRN', 'PowerShares DWA Industrials Momentum Portfolio', 45, 242, false);
insert into security_header (ticker_id, security_name, account_number, order_id, killswitch) values ('LION', 'Fidelity Southern Corporation', 12, 122, false);
insert into security_header (ticker_id, security_name, account_number, order_id, killswitch) values ('CAI', 'CAI International, Inc.', 99, 274, true);
insert into security_header (ticker_id, security_name, account_number, order_id, killswitch) values ('NFJ', 'AllianzGI NFJ Dividend, Interest & Premium Strategy Fund', 92, 87, true);
insert into security_header (ticker_id, security_name, account_number, order_id, killswitch) values ('VIA', 'Viacom Inc.', 87, 114, true);
insert into security_header (ticker_id, security_name, account_number, order_id, killswitch) values ('SITO', 'SITO Mobile, Ltd.', 27, 276, true);
insert into security_header (ticker_id, security_name, account_number, order_id, killswitch) values ('PMO', 'Putnam Municipal Opportunities Trust', 82, 65, true);
insert into security_header (ticker_id, security_name, account_number, order_id, killswitch) values ('FHK', 'First Trust Hong Kong AlphaDEX Fund', 62, 172, false);
insert into security_header (ticker_id, security_name, account_number, order_id, killswitch) values ('AMRI', 'Albany Molecular Research, Inc.', 76, 192, false);
insert into security_header (ticker_id, security_name, account_number, order_id, killswitch) values ('THC', 'Tenet Healthcare Corporation', 16, 173, false);
insert into security_header (ticker_id, security_name, account_number, order_id, killswitch) values ('BCE', 'BCE, Inc.', 39, 247, true);
insert into security_header (ticker_id, security_name, account_number, order_id, killswitch) values ('MSLI', 'Merus Labs International Inc.', 28, 206, false);
insert into security_header (ticker_id, security_name, account_number, order_id, killswitch) values ('ETN', 'Eaton Corporation, PLC', 36, 145, true);
insert into security_header (ticker_id, security_name, account_number, order_id, killswitch) values ('MMDM', 'Modern Media Acquisition Corp.', 61, 252, false);
insert into security_header (ticker_id, security_name, account_number, order_id, killswitch) values ('MGP', 'MGM Growth Properties LLC', 58, 78, false);
insert into security_header (ticker_id, security_name, account_number, order_id, killswitch) values ('FFHL', 'Fuwei Films (Holdings) Co., Ltd.', 35, 84, false);
insert into security_header (ticker_id, security_name, account_number, order_id, killswitch) values ('ARCW', 'ARC Group Worldwide, Inc.', 86, 113, false);
insert into security_header (ticker_id, security_name, account_number, order_id, killswitch) values ('BRC', 'Brady Corporation', 53, 76, true);
insert into security_header (ticker_id, security_name, account_number, order_id, killswitch) values ('CYH', 'Community Health Systems, Inc.', 92, 118, false);
insert into security_header (ticker_id, security_name, account_number, order_id, killswitch) values ('HOS', 'Hornbeck Offshore Services', 41, 74, true);
insert into security_header (ticker_id, security_name, account_number, order_id, killswitch) values ('RNR^C', 'RenaissanceRe Holdings Ltd.', 52, 43, false);
insert into security_header (ticker_id, security_name, account_number, order_id, killswitch) values ('RETA', 'Reata Pharmaceuticals, Inc.', 18, 287, false);
insert into security_header (ticker_id, security_name, account_number, order_id, killswitch) values ('CBL^D', 'CBL & Associates Properties, Inc.', 71, 120, true);
insert into security_header (ticker_id, security_name, account_number, order_id, killswitch) values ('CTRP', 'Ctrip.com International, Ltd.', 24, 131, true);
insert into security_header (ticker_id, security_name, account_number, order_id, killswitch) values ('LEE', 'Lee Enterprises, Incorporated', 92, 127, false);
insert into security_header (ticker_id, security_name, account_number, order_id, killswitch) values ('NMT', 'Nuveen Massachusetts Municipal Income Fund', 46, 73, true);
insert into security_header (ticker_id, security_name, account_number, order_id, killswitch) values ('SNLN', 'Highland/iBoxx Senior Loan ETF', 72, 33, false);
insert into security_header (ticker_id, security_name, account_number, order_id, killswitch) values ('OLD', 'The Long-Term Care ETF', 87, 241, false);
insert into security_header (ticker_id, security_name, account_number, order_id, killswitch) values ('OPY', 'Oppenheimer Holdings, Inc.', 75, 19, false);
insert into security_header (ticker_id, security_name, account_number, order_id, killswitch) values ('BGC', 'General Cable Corporation', 57, 26, false);
insert into security_header (ticker_id, security_name, account_number, order_id, killswitch) values ('LKOR', 'FlexShares Credit-Scored US Long Corporate Bond Index Fund', 23, 141, false);
insert into security_header (ticker_id, security_name, account_number, order_id, killswitch) values ('NVGN', 'Novogen Limited', 29, 4, false);
insert into security_header (ticker_id, security_name, account_number, order_id, killswitch) values ('NRP', 'Natural Resource Partners LP', 15, 63, true);
insert into security_header (ticker_id, security_name, account_number, order_id, killswitch) values ('EOI', 'Eaton Vance Enhance Equity Income Fund', 49, 53, false);
insert into security_header (ticker_id, security_name, account_number, order_id, killswitch) values ('CMO', 'Capstead Mortgage Corporation', 40, 258, false);
insert into security_header (ticker_id, security_name, account_number, order_id, killswitch) values ('SCACU', 'Saban Capital Acquisition Corp.', 96, 88, true);
insert into security_header (ticker_id, security_name, account_number, order_id, killswitch) values ('FPH', 'Five Point Holdings, LLC', 44, 152, true);
insert into security_header (ticker_id, security_name, account_number, order_id, killswitch) values ('FMK', 'First Trust Mega Cap AlphaDEX Fund', 71, 7, true);
insert into security_header (ticker_id, security_name, account_number, order_id, killswitch) values ('LMT', 'Lockheed Martin Corporation', 89, 221, true);
insert into security_header (ticker_id, security_name, account_number, order_id, killswitch) values ('BRSS', 'Global Brass and Copper Holdings, Inc.', 25, 1, false);
insert into security_header (ticker_id, security_name, account_number, order_id, killswitch) values ('HURN', 'Huron Consulting Group Inc.', 17, 140, true);
insert into security_header (ticker_id, security_name, account_number, order_id, killswitch) values ('TKR', 'Timken Company (The)', 10, 28, true);
insert into security_header (ticker_id, security_name, account_number, order_id, killswitch) values ('VGR', 'Vector Group Ltd.', 94, 180, false);
insert into security_header (ticker_id, security_name, account_number, order_id, killswitch) values ('GIGM', 'GigaMedia Limited', 91, 232, true);
insert into security_header (ticker_id, security_name, account_number, order_id, killswitch) values ('ELU', 'Entergy Louisiana, Inc.', 14, 50, false);
insert into security_header (ticker_id, security_name, account_number, order_id, killswitch) values ('HTA', 'Healthcare Trust of America, Inc.', 37, 17, true);
insert into security_header (ticker_id, security_name, account_number, order_id, killswitch) values ('NSIT', 'Insight Enterprises, Inc.', 49, 189, false);
insert into security_header (ticker_id, security_name, account_number, order_id, killswitch) values ('FCCY', '1st Constitution Bancorp (NJ)', 92, 65, true);
insert into security_header (ticker_id, security_name, account_number, order_id, killswitch) values ('UNVR', 'Univar Inc.', 58, 159, true);
insert into security_header (ticker_id, security_name, account_number, order_id, killswitch) values ('SYNL', 'Synalloy Corporation', 68, 89, true);
insert into security_header (ticker_id, security_name, account_number, order_id, killswitch) values ('SGLBW', 'Sigma Labs, Inc.', 60, 58, false);
insert into security_header (ticker_id, security_name, account_number, order_id, killswitch) values ('EPR^E', 'EPR Properties', 92, 93, true);
insert into security_header (ticker_id, security_name, account_number, order_id, killswitch) values ('ARDC', 'Ares Dynamic Credit Allocation Fund, Inc.', 69, 77, true);
insert into security_header (ticker_id, security_name, account_number, order_id, killswitch) values ('CBK', 'Christopher & Banks Corporation', 77, 200, true);
insert into security_header (ticker_id, security_name, account_number, order_id, killswitch) values ('HLS', 'HealthSouth Corporation', 16, 19, true);
insert into security_header (ticker_id, security_name, account_number, order_id, killswitch) values ('HMC', 'Honda Motor Company, Ltd.', 20, 134, false);
insert into security_header (ticker_id, security_name, account_number, order_id, killswitch) values ('TREX', 'Trex Company, Inc.', 11, 93, true);
insert into security_header (ticker_id, security_name, account_number, order_id, killswitch) values ('MSON', 'MISONIX, Inc.', 16, 64, true);
insert into security_header (ticker_id, security_name, account_number, order_id, killswitch) values ('CALA', 'Calithera Biosciences, Inc.', 86, 76, true);
insert into security_header (ticker_id, security_name, account_number, order_id, killswitch) values ('IBKCP', 'IBERIABANK Corporation', 5, 201, true);
insert into security_header (ticker_id, security_name, account_number, order_id, killswitch) values ('GNUS', 'Genius Brands International, Inc.', 7, 28, true);
insert into security_header (ticker_id, security_name, account_number, order_id, killswitch) values ('NHTC', 'Natural Health Trends Corp.', 78, 148, true);
insert into security_header (ticker_id, security_name, account_number, order_id, killswitch) values ('MB', 'MINDBODY, Inc.', 85, 123, false);
insert into security_header (ticker_id, security_name, account_number, order_id, killswitch) values ('AHPA', 'Avista Healthcare Public Acquisition Corp.', 48, 93, false);
insert into security_header (ticker_id, security_name, account_number, order_id, killswitch) values ('PB', 'Prosperity Bancshares, Inc.', 71, 145, false);
insert into security_header (ticker_id, security_name, account_number, order_id, killswitch) values ('CIZN', 'Citizens Holding Company', 21, 113, false);
insert into security_header (ticker_id, security_name, account_number, order_id, killswitch) values ('CYCCP', 'Cyclacel Pharmaceuticals, Inc.', 22, 105, false);
insert into security_header (ticker_id, security_name, account_number, order_id, killswitch) values ('VGM', 'Invesco Trust for Investment Grade Municipals', 45, 114, false);
insert into security_header (ticker_id, security_name, account_number, order_id, killswitch) values ('DNB', 'Dun & Bradstreet Corporation (The)', 63, 149, false);
insert into security_header (ticker_id, security_name, account_number, order_id, killswitch) values ('SGLBW', 'Sigma Labs, Inc.', 11, 204, true);
insert into security_header (ticker_id, security_name, account_number, order_id, killswitch) values ('NDRAW', 'ENDRA Life Sciences Inc.', 66, 226, false);
insert into security_header (ticker_id, security_name, account_number, order_id, killswitch) values ('LKFN', 'Lakeland Financial Corporation', 10, 266, true);
insert into security_header (ticker_id, security_name, account_number, order_id, killswitch) values ('RYI', 'Ryerson Holding Corporation', 85, 255, false);
insert into security_header (ticker_id, security_name, account_number, order_id, killswitch) values ('SB', 'Safe Bulkers, Inc', 53, 178, false);
insert into security_header (ticker_id, security_name, account_number, order_id, killswitch) values ('DX^A', 'Dynex Capital, Inc.', 68, 188, false);
insert into security_header (ticker_id, security_name, account_number, order_id, killswitch) values ('PAYC', 'Paycom Software, Inc.', 8, 21, true);
insert into security_header (ticker_id, security_name, account_number, order_id, killswitch) values ('LNC', 'Lincoln National Corporation', 69, 9, false);
insert into security_header (ticker_id, security_name, account_number, order_id, killswitch) values ('NTLA', 'Intellia Therapeutics, Inc.', 24, 120, false);
insert into security_header (ticker_id, security_name, account_number, order_id, killswitch) values ('WSTG', 'Wayside Technology Group, Inc.', 62, 162, false);
insert into security_header (ticker_id, security_name, account_number, order_id, killswitch) values ('BBT^G', 'BB&T Corporation', 71, 26, true);
insert into security_header (ticker_id, security_name, account_number, order_id, killswitch) values ('MT', 'ArcelorMittal', 30, 95, false);
insert into security_header (ticker_id, security_name, account_number, order_id, killswitch) values ('TGNA', 'TEGNA Inc.', 40, 111, true);
insert into security_header (ticker_id, security_name, account_number, order_id, killswitch) values ('WMIH', 'WMIH Corp.', 71, 205, true);
insert into security_header (ticker_id, security_name, account_number, order_id, killswitch) values ('JMEI', 'Jumei International Holding Limited', 86, 187, true);
insert into security_header (ticker_id, security_name, account_number, order_id, killswitch) values ('WOOF', 'VCA Inc. ', 4, 174, false);
insert into security_header (ticker_id, security_name, account_number, order_id, killswitch) values ('RIGL', 'Rigel Pharmaceuticals, Inc.', 42, 188, true);
insert into security_header (ticker_id, security_name, account_number, order_id, killswitch) values ('VUSE', 'Vident Core US Equity ETF', 76, 144, true);
insert into security_header (ticker_id, security_name, account_number, order_id, killswitch) values ('VRIG', 'PowerShares Variable Rate Investment Grade Portfolio', 81, 158, false);
insert into security_header (ticker_id, security_name, account_number, order_id, killswitch) values ('CRME', 'Cardiome Pharma Corporation', 38, 293, false);
insert into security_header (ticker_id, security_name, account_number, order_id, killswitch) values ('CHMA', 'Chiasma, Inc.', 31, 39, false);
insert into security_header (ticker_id, security_name, account_number, order_id, killswitch) values ('HYZD', 'WisdomTree Interest Rate Hedged High Yield Bond Fund', 12, 221, false);
insert into security_header (ticker_id, security_name, account_number, order_id, killswitch) values ('ZN', 'Zion Oil & Gas Inc', 98, 17, false);
insert into security_header (ticker_id, security_name, account_number, order_id, killswitch) values ('MUJ', 'Blackrock MuniHoldings New Jersey Insured Fund, Inc.', 1, 32, true);
insert into security_header (ticker_id, security_name, account_number, order_id, killswitch) values ('EPZM', 'Epizyme, Inc.', 97, 269, false);
insert into security_header (ticker_id, security_name, account_number, order_id, killswitch) values ('MAC', 'Macerich Company (The)', 57, 93, false);
insert into security_header (ticker_id, security_name, account_number, order_id, killswitch) values ('OCLR', 'Oclaro, Inc.', 96, 213, false);
insert into security_header (ticker_id, security_name, account_number, order_id, killswitch) values ('SSWN', 'Seaspan Corporation', 72, 43, true);
insert into security_header (ticker_id, security_name, account_number, order_id, killswitch) values ('BLD', 'TopBuild Corp.', 12, 241, false);
insert into security_header (ticker_id, security_name, account_number, order_id, killswitch) values ('BRT', 'BRT Apartments Corp.', 96, 21, false);
insert into security_header (ticker_id, security_name, account_number, order_id, killswitch) values ('FIG', 'Fortress Investment Group LLC', 22, 208, false);
insert into security_header (ticker_id, security_name, account_number, order_id, killswitch) values ('KFN^', 'KKR Financial Holdings LLC', 56, 77, false);
insert into security_header (ticker_id, security_name, account_number, order_id, killswitch) values ('HSON', 'Hudson Global, Inc.', 50, 210, true);
insert into security_header (ticker_id, security_name, account_number, order_id, killswitch) values ('AIF', 'Apollo Tactical Income Fund Inc.', 17, 148, true);
insert into security_header (ticker_id, security_name, account_number, order_id, killswitch) values ('LTRPB', 'Liberty TripAdvisor Holdings, Inc.', 40, 151, false);
insert into security_header (ticker_id, security_name, account_number, order_id, killswitch) values ('RH', 'RH', 27, 189, true);
insert into security_header (ticker_id, security_name, account_number, order_id, killswitch) values ('ARTW', 'Art''s-Way Manufacturing Co., Inc.', 24, 97, true);
insert into security_header (ticker_id, security_name, account_number, order_id, killswitch) values ('BGB', 'Blackstone / GSO Strategic Credit Fund', 67, 100, true);
insert into security_header (ticker_id, security_name, account_number, order_id, killswitch) values ('NTRA', 'Natera, Inc.', 27, 187, false);
insert into security_header (ticker_id, security_name, account_number, order_id, killswitch) values ('ECHO', 'Echo Global Logistics, Inc.', 54, 179, false);
insert into security_header (ticker_id, security_name, account_number, order_id, killswitch) values ('CHU', 'China Unicom (Hong Kong) Ltd', 22, 229, true);
insert into security_header (ticker_id, security_name, account_number, order_id, killswitch) values ('UCTT', 'Ultra Clean Holdings, Inc.', 28, 90, true);
insert into security_header (ticker_id, security_name, account_number, order_id, killswitch) values ('SHIPW', 'Seanergy Maritime Holdings Corp', 5, 89, true);
insert into security_header (ticker_id, security_name, account_number, order_id, killswitch) values ('CORI', 'Corium International, Inc.', 25, 152, false);
insert into security_header (ticker_id, security_name, account_number, order_id, killswitch) values ('LTEA', 'Long Island Iced Tea Corp.', 81, 190, false);
insert into security_header (ticker_id, security_name, account_number, order_id, killswitch) values ('NVRO', 'Nevro Corp.', 54, 193, true);
insert into security_header (ticker_id, security_name, account_number, order_id, killswitch) values ('AGO^F', 'Assured Guaranty Ltd.', 87, 51, false);
insert into security_header (ticker_id, security_name, account_number, order_id, killswitch) values ('SHSP', 'SharpSpring, Inc.', 79, 125, true);
insert into security_header (ticker_id, security_name, account_number, order_id, killswitch) values ('SNX', 'Synnex Corporation', 3, 252, true);
insert into security_header (ticker_id, security_name, account_number, order_id, killswitch) values ('CSFL', 'CenterState Banks, Inc.', 26, 266, false);
insert into security_header (ticker_id, security_name, account_number, order_id, killswitch) values ('UAL', 'United Continental Holdings, Inc.', 36, 145, false);
insert into security_header (ticker_id, security_name, account_number, order_id, killswitch) values ('TNXP', 'Tonix Pharmaceuticals Holding Corp.', 29, 66, false);
insert into security_header (ticker_id, security_name, account_number, order_id, killswitch) values ('AGU', 'Agrium Inc.', 9, 100, false);
insert into security_header (ticker_id, security_name, account_number, order_id, killswitch) values ('MDSO', 'Medidata Solutions, Inc.', 21, 151, false);
insert into security_header (ticker_id, security_name, account_number, order_id, killswitch) values ('SCLN', 'SciClone Pharmaceuticals, Inc.', 12, 197, false);
insert into security_header (ticker_id, security_name, account_number, order_id, killswitch) values ('TTP', 'Tortoise Pipeline & Energy Fund, Inc.', 8, 92, true);
insert into security_header (ticker_id, security_name, account_number, order_id, killswitch) values ('BW', 'Babcock', 19, 152, false);
insert into security_header (ticker_id, security_name, account_number, order_id, killswitch) values ('ASRV', 'AmeriServ Financial Inc.', 96, 181, true);
insert into security_header (ticker_id, security_name, account_number, order_id, killswitch) values ('LMNX', 'Luminex Corporation', 36, 51, true);
insert into security_header (ticker_id, security_name, account_number, order_id, killswitch) values ('LRAD', 'LRAD Corporation', 91, 49, false);
insert into security_header (ticker_id, security_name, account_number, order_id, killswitch) values ('ETE', 'Energy Transfer Equity, L.P.', 73, 213, true);
insert into security_header (ticker_id, security_name, account_number, order_id, killswitch) values ('CCRN', 'Cross Country Healthcare, Inc.', 38, 256, false);
insert into security_header (ticker_id, security_name, account_number, order_id, killswitch) values ('GCBC', 'Greene County Bancorp, Inc.', 40, 21, true);
insert into security_header (ticker_id, security_name, account_number, order_id, killswitch) values ('CAA', 'CalAtlantic Group, Inc.', 82, 225, false);
insert into security_header (ticker_id, security_name, account_number, order_id, killswitch) values ('SBBX', 'Sussex Bancorp', 24, 84, true);
insert into security_header (ticker_id, security_name, account_number, order_id, killswitch) values ('EME', 'EMCOR Group, Inc.', 56, 119, false);
insert into security_header (ticker_id, security_name, account_number, order_id, killswitch) values ('ATR', 'AptarGroup, Inc.', 4, 116, false);
insert into security_header (ticker_id, security_name, account_number, order_id, killswitch) values ('SPE', 'Special Opportunities Fund Inc.', 97, 108, false);
insert into security_header (ticker_id, security_name, account_number, order_id, killswitch) values ('CEZ', 'VictoryShares Emerging Market Volatility Wtd ETF', 88, 292, true);
insert into security_header (ticker_id, security_name, account_number, order_id, killswitch) values ('PAI', 'Pacific American Income Shares, Inc.', 34, 14, true);
insert into security_header (ticker_id, security_name, account_number, order_id, killswitch) values ('NDRM', 'NeuroDerm Ltd.', 83, 58, true);
insert into security_header (ticker_id, security_name, account_number, order_id, killswitch) values ('DLTH', 'Duluth Holdings Inc.', 42, 146, true);
insert into security_header (ticker_id, security_name, account_number, order_id, killswitch) values ('COVS', 'Covisint Corporation', 61, 293, false);
insert into security_header (ticker_id, security_name, account_number, order_id, killswitch) values ('FENX', 'Fenix Parts, Inc.', 61, 132, false);
insert into security_header (ticker_id, security_name, account_number, order_id, killswitch) values ('BPI', 'Bridgepoint Education, Inc.', 33, 49, false);
insert into security_header (ticker_id, security_name, account_number, order_id, killswitch) values ('JFC', 'JPMorgan China Region Fund, Inc.', 72, 12, false);
insert into security_header (ticker_id, security_name, account_number, order_id, killswitch) values ('RTK', 'Rentech, Inc.', 67, 99, true);
insert into security_header (ticker_id, security_name, account_number, order_id, killswitch) values ('NEE^G', 'NextEra Energy, Inc.', 44, 155, false);
insert into security_header (ticker_id, security_name, account_number, order_id, killswitch) values ('FTRPR', 'Frontier Communications Corporation', 46, 299, false);
insert into security_header (ticker_id, security_name, account_number, order_id, killswitch) values ('FBC', 'Flagstar Bancorp, Inc.', 76, 10, true);
insert into security_header (ticker_id, security_name, account_number, order_id, killswitch) values ('AMZN', 'Amazon.com, Inc.', 63, 132, true);
insert into security_header (ticker_id, security_name, account_number, order_id, killswitch) values ('LEJU', 'Leju Holdings Limited', 9, 179, false);
insert into security_header (ticker_id, security_name, account_number, order_id, killswitch) values ('BBOX', 'Black Box Corporation', 56, 165, false);
insert into security_header (ticker_id, security_name, account_number, order_id, killswitch) values ('LMT', 'Lockheed Martin Corporation', 96, 149, false);
insert into security_header (ticker_id, security_name, account_number, order_id, killswitch) values ('BSQR', 'BSQUARE Corporation', 98, 76, true);
insert into security_header (ticker_id, security_name, account_number, order_id, killswitch) values ('KNL', 'Knoll, Inc.', 18, 72, true);
insert into security_header (ticker_id, security_name, account_number, order_id, killswitch) values ('AFSI', 'AmTrust Financial Services, Inc.', 31, 221, false);
insert into security_header (ticker_id, security_name, account_number, order_id, killswitch) values ('CLBS', 'Caladrius Biosciences, Inc.', 95, 222, false);
insert into security_header (ticker_id, security_name, account_number, order_id, killswitch) values ('NLY', 'Annaly Capital Management Inc', 34, 249, true);
insert into security_header (ticker_id, security_name, account_number, order_id, killswitch) values ('SWN', 'Southwestern Energy Company', 98, 91, true);
insert into security_header (ticker_id, security_name, account_number, order_id, killswitch) values ('TXN', 'Texas Instruments Incorporated', 58, 36, false);
insert into security_header (ticker_id, security_name, account_number, order_id, killswitch) values ('BGNE', 'BeiGene, Ltd.', 86, 263, true);
insert into security_header (ticker_id, security_name, account_number, order_id, killswitch) values ('SYNA', 'Synaptics Incorporated', 88, 101, false);
insert into security_header (ticker_id, security_name, account_number, order_id, killswitch) values ('SKYW', 'SkyWest, Inc.', 95, 158, true);
insert into security_header (ticker_id, security_name, account_number, order_id, killswitch) values ('SFE', 'Safeguard Scientifics, Inc.', 77, 214, true);
insert into security_header (ticker_id, security_name, account_number, order_id, killswitch) values ('MDC', 'M.D.C. Holdings, Inc.', 3, 2, true);
insert into security_header (ticker_id, security_name, account_number, order_id, killswitch) values ('IIIN', 'Insteel Industries, Inc.', 68, 299, false);
insert into security_header (ticker_id, security_name, account_number, order_id, killswitch) values ('BHVN', 'Biohaven Pharmaceutical Holding Company Ltd.', 67, 155, true);
insert into security_header (ticker_id, security_name, account_number, order_id, killswitch) values ('BOH', 'Bank of Hawaii Corporation', 26, 265, false);
insert into security_header (ticker_id, security_name, account_number, order_id, killswitch) values ('CPK', 'Chesapeake Utilities Corporation', 8, 284, false);
insert into security_header (ticker_id, security_name, account_number, order_id, killswitch) values ('MLP', 'Maui Land & Pineapple Company, Inc.', 1, 165, false);
insert into security_header (ticker_id, security_name, account_number, order_id, killswitch) values ('UMBF', 'UMB Financial Corporation', 62, 113, false);
insert into security_header (ticker_id, security_name, account_number, order_id, killswitch) values ('LOGM', 'LogMein, Inc.', 1, 221, true);
insert into security_header (ticker_id, security_name, account_number, order_id, killswitch) values ('ACV', 'AllianzGI Diversified Income & Convertible Fund', 100, 174, false);
insert into security_header (ticker_id, security_name, account_number, order_id, killswitch) values ('DVAX', 'Dynavax Technologies Corporation', 78, 261, false);
insert into security_header (ticker_id, security_name, account_number, order_id, killswitch) values ('COR', 'CoreSite Realty Corporation', 9, 217, true);
insert into security_header (ticker_id, security_name, account_number, order_id, killswitch) values ('JJSF', 'J & J Snack Foods Corp.', 18, 227, true);
insert into security_header (ticker_id, security_name, account_number, order_id, killswitch) values ('HSKA', 'Heska Corporation', 20, 203, false);
insert into security_header (ticker_id, security_name, account_number, order_id, killswitch) values ('CIM^B', 'Chimera Investment Corporation', 78, 245, false);
insert into security_header (ticker_id, security_name, account_number, order_id, killswitch) values ('KONE', 'Kingtone Wirelessinfo Solution Holding Ltd', 38, 286, false);
insert into security_header (ticker_id, security_name, account_number, order_id, killswitch) values ('PRAH', 'PRA Health Sciences, Inc.', 46, 99, false);
insert into security_header (ticker_id, security_name, account_number, order_id, killswitch) values ('NFJ', 'AllianzGI NFJ Dividend, Interest & Premium Strategy Fund', 44, 192, false);
insert into security_header (ticker_id, security_name, account_number, order_id, killswitch) values ('FONE', 'First Trust NASDAQ Smartphone Index Fund', 80, 157, false);
insert into security_header (ticker_id, security_name, account_number, order_id, killswitch) values ('DAN', 'Dana Incorporated', 14, 20, false);
insert into security_header (ticker_id, security_name, account_number, order_id, killswitch) values ('BHVN', 'Biohaven Pharmaceutical Holding Company Ltd.', 71, 189, true);
insert into security_header (ticker_id, security_name, account_number, order_id, killswitch) values ('AIY', 'Apollo Investment Corporation', 41, 117, false);
insert into security_header (ticker_id, security_name, account_number, order_id, killswitch) values ('FVC', 'First Trust Dorsey Wright Dynamic Focus 5 ETF', 91, 287, false);
insert into security_header (ticker_id, security_name, account_number, order_id, killswitch) values ('HCOM', 'Hawaiian Telcom Holdco, Inc.', 54, 73, false);
insert into security_header (ticker_id, security_name, account_number, order_id, killswitch) values ('GSIT', 'GSI Technology, Inc.', 1, 75, false);
insert into security_header (ticker_id, security_name, account_number, order_id, killswitch) values ('AXARU', 'Axar Acquisition Corp.', 52, 7, false);
insert into security_header (ticker_id, security_name, account_number, order_id, killswitch) values ('UMC', 'United Microelectronics Corporation', 73, 191, true);
insert into security_header (ticker_id, security_name, account_number, order_id, killswitch) values ('OMC', 'Omnicom Group Inc.', 29, 194, true);
insert into security_header (ticker_id, security_name, account_number, order_id, killswitch) values ('SA', 'Seabridge Gold, Inc.', 67, 274, true);
insert into security_header (ticker_id, security_name, account_number, order_id, killswitch) values ('WNRL', 'Western Refining Logistics, LP', 4, 251, true);
insert into security_header (ticker_id, security_name, account_number, order_id, killswitch) values ('ALL', 'Allstate Corporation (The)', 32, 129, true);
insert into security_header (ticker_id, security_name, account_number, order_id, killswitch) values ('TMUS', 'T-Mobile US, Inc.', 83, 214, true);
insert into security_header (ticker_id, security_name, account_number, order_id, killswitch) values ('ACGL', 'Arch Capital Group Ltd.', 23, 253, false);
insert into security_header (ticker_id, security_name, account_number, order_id, killswitch) values ('KLIC', 'Kulicke and Soffa Industries, Inc.', 75, 282, false);
insert into security_header (ticker_id, security_name, account_number, order_id, killswitch) values ('QQEW', 'First Trust NASDAQ-100 Equal Weighted Index Fund', 4, 115, true);
insert into security_header (ticker_id, security_name, account_number, order_id, killswitch) values ('MSI', 'Motorola Solutions, Inc.', 31, 100, true);
insert into security_header (ticker_id, security_name, account_number, order_id, killswitch) values ('VRAY', 'ViewRay, Inc.', 29, 185, true);
insert into security_header (ticker_id, security_name, account_number, order_id, killswitch) values ('ZSAN', 'Zosano Pharma Corporation', 73, 252, false);
insert into security_header (ticker_id, security_name, account_number, order_id, killswitch) values ('PRIM', 'Primoris Services Corporation', 39, 194, false);
insert into security_header (ticker_id, security_name, account_number, order_id, killswitch) values ('NEWTZ', 'Newtek Business Services Corp.', 70, 144, false);
insert into security_header (ticker_id, security_name, account_number, order_id, killswitch) values ('MMLP', 'Martin Midstream Partners L.P.', 82, 228, false);
insert into security_header (ticker_id, security_name, account_number, order_id, killswitch) values ('UZA', 'United States Cellular Corporation', 31, 283, false);
insert into security_header (ticker_id, security_name, account_number, order_id, killswitch) values ('NXC', 'Nuveen Insured California Select Tax-Free Income Portfolio', 59, 92, false);
insert into security_header (ticker_id, security_name, account_number, order_id, killswitch) values ('OI', 'Owens-Illinois, Inc.', 31, 241, true);
insert into security_header (ticker_id, security_name, account_number, order_id, killswitch) values ('RGEN', 'Repligen Corporation', 12, 273, true);
insert into security_header (ticker_id, security_name, account_number, order_id, killswitch) values ('CTG', 'Computer Task Group, Incorporated', 7, 41, true);
insert into security_header (ticker_id, security_name, account_number, order_id, killswitch) values ('FRED', 'Fred''s, Inc.', 63, 105, false);
insert into security_header (ticker_id, security_name, account_number, order_id, killswitch) values ('ACRE', 'Ares Commercial Real Estate Corporation', 70, 185, true);
insert into security_header (ticker_id, security_name, account_number, order_id, killswitch) values ('FBP', 'First BanCorp.', 48, 232, false);
insert into security_header (ticker_id, security_name, account_number, order_id, killswitch) values ('CXRX', 'Concordia International Corp.', 85, 269, false);
insert into security_header (ticker_id, security_name, account_number, order_id, killswitch) values ('ANSS', 'ANSYS, Inc.', 47, 146, true);
insert into security_header (ticker_id, security_name, account_number, order_id, killswitch) values ('ESE', 'ESCO Technologies Inc.', 39, 215, true);
insert into security_header (ticker_id, security_name, account_number, order_id, killswitch) values ('RY^T', 'Royal Bank Of Canada', 89, 130, true);
insert into security_header (ticker_id, security_name, account_number, order_id, killswitch) values ('GPT', 'Gramercy Property Trust', 34, 24, true);
insert into security_header (ticker_id, security_name, account_number, order_id, killswitch) values ('MUX', 'McEwen Mining Inc.', 84, 32, true);
insert into security_header (ticker_id, security_name, account_number, order_id, killswitch) values ('BANF', 'BancFirst Corporation', 84, 255, true);
insert into security_header (ticker_id, security_name, account_number, order_id, killswitch) values ('MPO', 'MIDSTATES PETROLEUM COMPANY, INC.', 79, 228, true);
insert into security_header (ticker_id, security_name, account_number, order_id, killswitch) values ('EGOV', 'NIC Inc.', 5, 201, true);
insert into security_header (ticker_id, security_name, account_number, order_id, killswitch) values ('POPE', 'Pope Resources', 84, 110, false);
insert into security_header (ticker_id, security_name, account_number, order_id, killswitch) values ('IART', 'Integra LifeSciences Holdings Corporation', 88, 237, false);
insert into security_header (ticker_id, security_name, account_number, order_id, killswitch) values ('CNIT', 'China Information Technology, Inc.', 58, 23, true);
insert into security_header (ticker_id, security_name, account_number, order_id, killswitch) values ('PCOM', 'Points International, Ltd.', 77, 75, false);
insert into security_header (ticker_id, security_name, account_number, order_id, killswitch) values ('MBFIP', 'MB Financial Inc.', 59, 88, false);
insert into security_header (ticker_id, security_name, account_number, order_id, killswitch) values ('SHLDW', 'Sears Holdings Corporation', 32, 11, true);
insert into security_header (ticker_id, security_name, account_number, order_id, killswitch) values ('GGZ^A', 'Gabelli Global Small and Mid Cap Value Trust (The)', 90, 239, false);
insert into security_header (ticker_id, security_name, account_number, order_id, killswitch) values ('AKO.B', 'Embotelladora Andina S.A.', 32, 114, false);
insert into security_header (ticker_id, security_name, account_number, order_id, killswitch) values ('OFC', 'Corporate Office Properties Trust', 21, 292, true);
insert into security_header (ticker_id, security_name, account_number, order_id, killswitch) values ('HNI', 'HNI Corporation', 10, 274, true);
insert into security_header (ticker_id, security_name, account_number, order_id, killswitch) values ('AFSI^B', 'AmTrust Financial Services, Inc.', 26, 102, false);
insert into security_header (ticker_id, security_name, account_number, order_id, killswitch) values ('DDC', 'Dominion Diamond Corporation', 87, 173, false);
insert into security_header (ticker_id, security_name, account_number, order_id, killswitch) values ('KEN', 'Kenon Holdings Ltd.', 35, 259, false);
insert into security_header (ticker_id, security_name, account_number, order_id, killswitch) values ('OIA', 'Invesco Municipal Income Opportunities Trust', 3, 212, true);
insert into security_header (ticker_id, security_name, account_number, order_id, killswitch) values ('UNVR', 'Univar Inc.', 25, 151, true);
insert into security_header (ticker_id, security_name, account_number, order_id, killswitch) values ('HOME', 'At Home Group Inc.', 52, 252, false);
insert into security_header (ticker_id, security_name, account_number, order_id, killswitch) values ('GGM', 'Guggenheim Credit Allocation Fund', 40, 34, true);
insert into security_header (ticker_id, security_name, account_number, order_id, killswitch) values ('AAAP', 'Advanced Accelerator Applications S.A.', 57, 91, false);
insert into security_header (ticker_id, security_name, account_number, order_id, killswitch) values ('RQI', 'Cohen & Steers Quality Income Realty Fund Inc', 94, 26, false);
insert into security_header (ticker_id, security_name, account_number, order_id, killswitch) values ('WB', 'Weibo Corporation', 69, 108, true);
insert into security_header (ticker_id, security_name, account_number, order_id, killswitch) values ('RLJ', 'RLJ Lodging Trust', 97, 89, false);
insert into security_header (ticker_id, security_name, account_number, order_id, killswitch) values ('NPV', 'Nuveen Virginia Quality Municipal Income Fund', 97, 229, true);
insert into security_header (ticker_id, security_name, account_number, order_id, killswitch) values ('GGP^A', 'GGP Inc.', 28, 153, false);
insert into security_header (ticker_id, security_name, account_number, order_id, killswitch) values ('CATS', 'Catasys, Inc.', 61, 99, true);
insert into security_header (ticker_id, security_name, account_number, order_id, killswitch) values ('GFNCP', 'General Finance Corporation', 33, 194, true);
insert into security_header (ticker_id, security_name, account_number, order_id, killswitch) values ('EGAN', 'eGain Corporation', 65, 268, true);
insert into security_header (ticker_id, security_name, account_number, order_id, killswitch) values ('ABBV', 'AbbVie Inc.', 14, 9, false);
insert into security_header (ticker_id, security_name, account_number, order_id, killswitch) values ('DIS', 'Walt Disney Company (The)', 28, 80, false);
insert into security_header (ticker_id, security_name, account_number, order_id, killswitch) values ('DOOR', 'Masonite International Corporation', 8, 181, false);
insert into security_header (ticker_id, security_name, account_number, order_id, killswitch) values ('PEBK', 'Peoples Bancorp of North Carolina, Inc.', 13, 231, true);
insert into security_header (ticker_id, security_name, account_number, order_id, killswitch) values ('AAAP', 'Advanced Accelerator Applications S.A.', 87, 233, true);
insert into security_header (ticker_id, security_name, account_number, order_id, killswitch) values ('IRDM', 'Iridium Communications Inc', 56, 136, true);
insert into security_header (ticker_id, security_name, account_number, order_id, killswitch) values ('LOCO', 'El Pollo Loco Holdings, Inc.', 60, 74, false);
insert into security_header (ticker_id, security_name, account_number, order_id, killswitch) values ('EBMT', 'Eagle Bancorp Montana, Inc.', 15, 235, true);
insert into security_header (ticker_id, security_name, account_number, order_id, killswitch) values ('CBT', 'Cabot Corporation', 98, 222, true);
insert into security_header (ticker_id, security_name, account_number, order_id, killswitch) values ('DWTR', 'PowerShares DWA Tactical Sector Rotation Portfolio', 76, 71, false);
insert into security_header (ticker_id, security_name, account_number, order_id, killswitch) values ('RLJE', 'RLJ Entertainment, Inc.', 77, 120, false);
insert into security_header (ticker_id, security_name, account_number, order_id, killswitch) values ('FEM', 'First Trust Emerging Markets AlphaDEX Fund', 3, 114, false);
insert into security_header (ticker_id, security_name, account_number, order_id, killswitch) values ('NSH', 'Nustar GP Holdings, LLC', 39, 18, true);
insert into security_header (ticker_id, security_name, account_number, order_id, killswitch) values ('MANH', 'Manhattan Associates, Inc.', 92, 257, false);
insert into security_header (ticker_id, security_name, account_number, order_id, killswitch) values ('TCBI', 'Texas Capital Bancshares, Inc.', 68, 35, false);
insert into security_header (ticker_id, security_name, account_number, order_id, killswitch) values ('CARS', 'Cars.com Inc.', 31, 214, true);
insert into security_header (ticker_id, security_name, account_number, order_id, killswitch) values ('NMR', 'Nomura Holdings Inc ADR', 63, 179, true);
insert into security_header (ticker_id, security_name, account_number, order_id, killswitch) values ('NTEC', 'Intec Pharma Ltd.', 56, 98, true);
insert into security_header (ticker_id, security_name, account_number, order_id, killswitch) values ('SAJA', 'Sajan, Inc.', 57, 262, false);
insert into security_header (ticker_id, security_name, account_number, order_id, killswitch) values ('KCG', 'KCG Holdings, Inc.', 15, 290, true);
insert into security_header (ticker_id, security_name, account_number, order_id, killswitch) values ('OMAM', 'OM Asset Management plc', 24, 104, false);
insert into security_header (ticker_id, security_name, account_number, order_id, killswitch) values ('CACC', 'Credit Acceptance Corporation', 97, 214, false);
insert into security_header (ticker_id, security_name, account_number, order_id, killswitch) values ('MPLX', 'MPLX LP', 54, 86, false);
insert into security_header (ticker_id, security_name, account_number, order_id, killswitch) values ('WWE', 'World Wrestling Entertainment, Inc.', 33, 173, false);
insert into security_header (ticker_id, security_name, account_number, order_id, killswitch) values ('MBLY', 'Mobileye N.V.', 61, 110, false);
insert into security_header (ticker_id, security_name, account_number, order_id, killswitch) values ('FNBG', 'FNB Bancorp', 76, 44, false);
insert into security_header (ticker_id, security_name, account_number, order_id, killswitch) values ('ALEX', 'Alexander & Baldwin Holdings, Inc.', 54, 50, false);
insert into security_header (ticker_id, security_name, account_number, order_id, killswitch) values ('TNET', 'TriNet Group, Inc.', 16, 282, true);
insert into security_header (ticker_id, security_name, account_number, order_id, killswitch) values ('CCUR', 'Concurrent Computer Corporation', 16, 293, false);
insert into security_header (ticker_id, security_name, account_number, order_id, killswitch) values ('OSG', 'Overseas Shipholding Group, Inc.', 69, 31, true);
insert into security_header (ticker_id, security_name, account_number, order_id, killswitch) values ('DKT', 'Deutsch Bk Contingent Cap Tr V', 80, 252, true);
insert into security_header (ticker_id, security_name, account_number, order_id, killswitch) values ('VEEV', 'Veeva Systems Inc.', 69, 283, false);
insert into security_header (ticker_id, security_name, account_number, order_id, killswitch) values ('TDOC', 'Teladoc, Inc.', 39, 74, false);
insert into security_header (ticker_id, security_name, account_number, order_id, killswitch) values ('UG', 'United-Guardian, Inc.', 43, 225, false);
insert into security_header (ticker_id, security_name, account_number, order_id, killswitch) values ('AFI', 'Armstrong Flooring, Inc.', 67, 156, true);
insert into security_header (ticker_id, security_name, account_number, order_id, killswitch) values ('CGI', 'Celadon Group, Inc.', 64, 107, true);
insert into security_header (ticker_id, security_name, account_number, order_id, killswitch) values ('UMH^A', 'UMH Properties, Inc.', 62, 61, false);
insert into security_header (ticker_id, security_name, account_number, order_id, killswitch) values ('SYPR', 'Sypris Solutions, Inc.', 87, 77, false);
insert into security_header (ticker_id, security_name, account_number, order_id, killswitch) values ('CAI', 'CAI International, Inc.', 38, 215, true);
insert into security_header (ticker_id, security_name, account_number, order_id, killswitch) values ('OCN', 'Ocwen Financial Corporation', 92, 244, true);
insert into security_header (ticker_id, security_name, account_number, order_id, killswitch) values ('CETXP', 'Cemtrex Inc.', 40, 280, true);
insert into security_header (ticker_id, security_name, account_number, order_id, killswitch) values ('TCCB', 'Triangle Capital Corporation', 41, 142, true);
insert into security_header (ticker_id, security_name, account_number, order_id, killswitch) values ('SBCF', 'Seacoast Banking Corporation of Florida', 18, 49, true);
insert into security_header (ticker_id, security_name, account_number, order_id, killswitch) values ('MUI', 'Blackrock Muni Intermediate Duration Fund Inc', 29, 69, true);
insert into security_header (ticker_id, security_name, account_number, order_id, killswitch) values ('ENH^C', 'Endurance Specialty Holdings Ltd', 70, 148, false);
insert into security_header (ticker_id, security_name, account_number, order_id, killswitch) values ('AHL', 'Aspen Insurance Holdings Limited', 76, 68, true);
insert into security_header (ticker_id, security_name, account_number, order_id, killswitch) values ('AGO^E', 'Assured Guaranty Ltd.', 73, 43, true);
insert into security_header (ticker_id, security_name, account_number, order_id, killswitch) values ('HR', 'Healthcare Realty Trust Incorporated', 27, 206, true);
insert into security_header (ticker_id, security_name, account_number, order_id, killswitch) values ('CNXN', 'PC Connection, Inc.', 52, 151, false);
insert into security_header (ticker_id, security_name, account_number, order_id, killswitch) values ('MDSO', 'Medidata Solutions, Inc.', 90, 272, false);
insert into security_header (ticker_id, security_name, account_number, order_id, killswitch) values ('UBNK', 'United Financial Bancorp, Inc. ', 44, 33, true);
insert into security_header (ticker_id, security_name, account_number, order_id, killswitch) values ('SB^C', 'Safe Bulkers, Inc', 44, 101, true);
insert into security_header (ticker_id, security_name, account_number, order_id, killswitch) values ('CRAY', 'Cray Inc', 99, 96, true);
insert into security_header (ticker_id, security_name, account_number, order_id, killswitch) values ('UTI', 'Universal Technical Institute Inc', 52, 214, true);
insert into security_header (ticker_id, security_name, account_number, order_id, killswitch) values ('VSTO', 'Vista Outdoor Inc.', 75, 33, false);
insert into security_header (ticker_id, security_name, account_number, order_id, killswitch) values ('WKHS', 'Workhorse Group, Inc.', 43, 201, true);
insert into security_header (ticker_id, security_name, account_number, order_id, killswitch) values ('XELB', 'Xcel Brands, Inc', 29, 117, false);
insert into security_header (ticker_id, security_name, account_number, order_id, killswitch) values ('SBBX', 'Sussex Bancorp', 97, 197, true);
insert into security_header (ticker_id, security_name, account_number, order_id, killswitch) values ('APF', 'Morgan Stanley Asia-Pacific Fund, Inc.', 81, 20, false);
insert into security_header (ticker_id, security_name, account_number, order_id, killswitch) values ('PSCF', 'PowerShares S&P SmallCap Financials Portfolio', 94, 143, false);
insert into security_header (ticker_id, security_name, account_number, order_id, killswitch) values ('VRNT', 'Verint Systems Inc.', 12, 90, true);
insert into security_header (ticker_id, security_name, account_number, order_id, killswitch) values ('DAIO', 'Data I/O Corporation', 98, 22, false);
insert into security_header (ticker_id, security_name, account_number, order_id, killswitch) values ('YELP', 'Yelp Inc.', 21, 291, false);
insert into security_header (ticker_id, security_name, account_number, order_id, killswitch) values ('BGCA', 'BGC Partners, Inc.', 30, 226, true);
insert into security_header (ticker_id, security_name, account_number, order_id, killswitch) values ('GEB', 'General Electric Company', 96, 78, false);
insert into security_header (ticker_id, security_name, account_number, order_id, killswitch) values ('MGCD', 'MGC Diagnostics Corporation', 85, 167, true);
insert into security_header (ticker_id, security_name, account_number, order_id, killswitch) values ('RMT', 'Royce Micro-Cap Trust, Inc.', 31, 210, true);
insert into security_header (ticker_id, security_name, account_number, order_id, killswitch) values ('RFIL', 'RF Industries, Ltd.', 75, 92, true);
insert into security_header (ticker_id, security_name, account_number, order_id, killswitch) values ('SPLS', 'Staples, Inc.', 63, 134, false);
insert into security_header (ticker_id, security_name, account_number, order_id, killswitch) values ('PLCE', 'Children''s Place, Inc. (The)', 5, 190, false);
insert into security_header (ticker_id, security_name, account_number, order_id, killswitch) values ('MBFI', 'MB Financial Inc.', 9, 159, true);
insert into security_header (ticker_id, security_name, account_number, order_id, killswitch) values ('UPLD', 'Upland Software, Inc.', 40, 61, true);
insert into security_header (ticker_id, security_name, account_number, order_id, killswitch) values ('LRAD', 'LRAD Corporation', 87, 197, true);
insert into security_header (ticker_id, security_name, account_number, order_id, killswitch) values ('ING', 'ING Group, N.V.', 40, 165, true);
insert into security_header (ticker_id, security_name, account_number, order_id, killswitch) values ('VOD', 'Vodafone Group Plc', 66, 117, true);
insert into security_header (ticker_id, security_name, account_number, order_id, killswitch) values ('BRX', 'Brixmor Property Group Inc.', 91, 294, false);
insert into security_header (ticker_id, security_name, account_number, order_id, killswitch) values ('PLAY', 'Dave & Buster''s Entertainment, Inc.', 2, 276, true);
insert into security_header (ticker_id, security_name, account_number, order_id, killswitch) values ('RLOG', 'Rand Logistics, Inc.', 80, 56, true);
insert into security_header (ticker_id, security_name, account_number, order_id, killswitch) values ('BMRA', 'Biomerica, Inc.', 98, 201, true);
insert into security_header (ticker_id, security_name, account_number, order_id, killswitch) values ('FFHL', 'Fuwei Films (Holdings) Co., Ltd.', 95, 67, false);
insert into security_header (ticker_id, security_name, account_number, order_id, killswitch) values ('BBOX', 'Black Box Corporation', 57, 300, true);
insert into security_header (ticker_id, security_name, account_number, order_id, killswitch) values ('TCFC', 'The Community Financial Corporation', 89, 238, true);
insert into security_header (ticker_id, security_name, account_number, order_id, killswitch) values ('EMES', 'Emerge Energy Services LP', 75, 39, true);
insert into security_header (ticker_id, security_name, account_number, order_id, killswitch) values ('LEG', 'Leggett & Platt, Incorporated', 80, 44, false);
insert into security_header (ticker_id, security_name, account_number, order_id, killswitch) values ('NM', 'Navios Maritime Holdings Inc.', 48, 154, true);
insert into security_header (ticker_id, security_name, account_number, order_id, killswitch) values ('HLX', 'Helix Energy Solutions Group, Inc.', 44, 189, true);
insert into security_header (ticker_id, security_name, account_number, order_id, killswitch) values ('VWR', 'VWR Corporation', 76, 52, true);
insert into security_header (ticker_id, security_name, account_number, order_id, killswitch) values ('EGBN', 'Eagle Bancorp, Inc.', 92, 88, true);
insert into security_header (ticker_id, security_name, account_number, order_id, killswitch) values ('KKR^A', 'KKR & Co. L.P.', 10, 290, true);
insert into security_header (ticker_id, security_name, account_number, order_id, killswitch) values ('MTSL', 'MER Telemanagement Solutions Ltd.', 48, 107, true);
insert into security_header (ticker_id, security_name, account_number, order_id, killswitch) values ('CRTO', 'Criteo S.A.', 44, 143, true);
insert into security_header (ticker_id, security_name, account_number, order_id, killswitch) values ('SBLK', 'Star Bulk Carriers Corp.', 57, 184, false);
insert into security_header (ticker_id, security_name, account_number, order_id, killswitch) values ('GULF', 'WisdomTree Middle East Dividend Fund', 70, 217, false);
insert into security_header (ticker_id, security_name, account_number, order_id, killswitch) values ('RSO^B', 'Resource Capital Corp.', 55, 74, true);
insert into security_header (ticker_id, security_name, account_number, order_id, killswitch) values ('OLLI', 'Ollie''s Bargain Outlet Holdings, Inc.', 89, 35, true);
insert into security_header (ticker_id, security_name, account_number, order_id, killswitch) values ('GS^J', 'Goldman Sachs Group, Inc. (The)', 23, 218, true);
insert into security_header (ticker_id, security_name, account_number, order_id, killswitch) values ('MPW', 'Medical Properties Trust, Inc.', 67, 231, false);
insert into security_header (ticker_id, security_name, account_number, order_id, killswitch) values ('ATNX', 'Athenex, Inc.', 94, 167, false);
insert into security_header (ticker_id, security_name, account_number, order_id, killswitch) values ('NXEO', 'Nexeo Solutions, Inc.', 32, 93, true);
insert into security_header (ticker_id, security_name, account_number, order_id, killswitch) values ('CYCCP', 'Cyclacel Pharmaceuticals, Inc.', 38, 70, true);
insert into security_header (ticker_id, security_name, account_number, order_id, killswitch) values ('AHL^C', 'Aspen Insurance Holdings Limited', 73, 89, true);
insert into security_header (ticker_id, security_name, account_number, order_id, killswitch) values ('EMCI', 'EMC Insurance Group Inc.', 4, 155, true);
insert into security_header (ticker_id, security_name, account_number, order_id, killswitch) values ('XGTIW', 'XG Technology, Inc', 53, 83, false);
insert into security_header (ticker_id, security_name, account_number, order_id, killswitch) values ('JAG', 'Jagged Peak Energy Inc.', 83, 277, true);
insert into security_header (ticker_id, security_name, account_number, order_id, killswitch) values ('NAN', 'Nuveen New York Quality Municipal Income Fund', 37, 62, true);
insert into security_header (ticker_id, security_name, account_number, order_id, killswitch) values ('CP', 'Canadian Pacific Railway Limited', 13, 98, false);
insert into security_header (ticker_id, security_name, account_number, order_id, killswitch) values ('GVA', 'Granite Construction Incorporated', 35, 238, false);
insert into security_header (ticker_id, security_name, account_number, order_id, killswitch) values ('APOPW', 'Cellect Biotechnology Ltd.', 56, 222, true);
insert into security_header (ticker_id, security_name, account_number, order_id, killswitch) values ('WTW', 'Weight Watchers International Inc', 85, 130, true);
insert into security_header (ticker_id, security_name, account_number, order_id, killswitch) values ('BAP', 'Credicorp Ltd.', 60, 194, false);
insert into security_header (ticker_id, security_name, account_number, order_id, killswitch) values ('KTOS', 'Kratos Defense & Security Solutions, Inc.', 36, 116, true);
insert into security_header (ticker_id, security_name, account_number, order_id, killswitch) values ('MBUU', 'Malibu Boats, Inc.', 79, 96, true);
insert into security_header (ticker_id, security_name, account_number, order_id, killswitch) values ('CTDD', 'Qwest Corporation', 55, 167, true);
insert into security_header (ticker_id, security_name, account_number, order_id, killswitch) values ('EBAY', 'eBay Inc.', 25, 278, true);
insert into security_header (ticker_id, security_name, account_number, order_id, killswitch) values ('SMRT', 'Stein Mart, Inc.', 48, 161, true);
insert into security_header (ticker_id, security_name, account_number, order_id, killswitch) values ('TUSK', 'Mammoth Energy Services, Inc.', 50, 276, true);
insert into security_header (ticker_id, security_name, account_number, order_id, killswitch) values ('TMK^C', 'Torchmark Corporation', 62, 180, false);
insert into security_header (ticker_id, security_name, account_number, order_id, killswitch) values ('ECR', 'Eclipse Resources Corporation', 30, 126, true);
insert into security_header (ticker_id, security_name, account_number, order_id, killswitch) values ('SYK', 'Stryker Corporation', 11, 163, false);
insert into security_header (ticker_id, security_name, account_number, order_id, killswitch) values ('GFNSL', 'General Finance Corporation', 40, 175, true);
insert into security_header (ticker_id, security_name, account_number, order_id, killswitch) values ('MCHI', 'iShares MSCI China ETF', 50, 165, false);
insert into security_header (ticker_id, security_name, account_number, order_id, killswitch) values ('FLGT', 'Fulgent Genetics, Inc.', 26, 176, true);
insert into security_header (ticker_id, security_name, account_number, order_id, killswitch) values ('JSYNU', 'Jensyn Acquistion Corp.', 41, 250, true);
insert into security_header (ticker_id, security_name, account_number, order_id, killswitch) values ('COF^H', 'Capital One Financial Corporation', 52, 241, false);
insert into security_header (ticker_id, security_name, account_number, order_id, killswitch) values ('AMKR', 'Amkor Technology, Inc.', 28, 67, true);
insert into security_header (ticker_id, security_name, account_number, order_id, killswitch) values ('NP', 'Neenah Paper, Inc.', 64, 117, false);
insert into security_header (ticker_id, security_name, account_number, order_id, killswitch) values ('VR', 'Validus Holdings, Ltd.', 57, 131, false);
insert into security_header (ticker_id, security_name, account_number, order_id, killswitch) values ('RVSB', 'Riverview Bancorp Inc', 85, 115, true);
insert into security_header (ticker_id, security_name, account_number, order_id, killswitch) values ('IMED', 'PureFunds ETFx HealthTech ETF', 55, 109, false);
insert into security_header (ticker_id, security_name, account_number, order_id, killswitch) values ('MCRN', 'Milacron Holdings Corp.', 34, 293, true);
insert into security_header (ticker_id, security_name, account_number, order_id, killswitch) values ('STE', 'STERIS plc', 19, 61, true);
insert into security_header (ticker_id, security_name, account_number, order_id, killswitch) values ('CALI', 'China Auto Logistics Inc.', 81, 152, false);
insert into security_header (ticker_id, security_name, account_number, order_id, killswitch) values ('SNC', 'State National Companies, Inc.', 28, 236, true);
insert into security_header (ticker_id, security_name, account_number, order_id, killswitch) values ('WIRE', 'Encore Wire Corporation', 91, 16, false);
insert into security_header (ticker_id, security_name, account_number, order_id, killswitch) values ('NTES', 'NetEase, Inc.', 87, 13, false);
insert into security_header (ticker_id, security_name, account_number, order_id, killswitch) values ('ADBE', 'Adobe Systems Incorporated', 50, 184, true);
insert into security_header (ticker_id, security_name, account_number, order_id, killswitch) values ('BETR', 'Amplify Snack Brands, inc.', 22, 209, true);
insert into security_header (ticker_id, security_name, account_number, order_id, killswitch) values ('DGLD', 'VelocityShares 3x Inverse Gold ETN', 6, 238, false);
insert into security_header (ticker_id, security_name, account_number, order_id, killswitch) values ('EGP', 'EastGroup Properties, Inc.', 4, 272, true);
insert into security_header (ticker_id, security_name, account_number, order_id, killswitch) values ('ZNGA', 'Zynga Inc.', 21, 4, false);
insert into security_header (ticker_id, security_name, account_number, order_id, killswitch) values ('FIG', 'Fortress Investment Group LLC', 7, 99, false);
insert into security_header (ticker_id, security_name, account_number, order_id, killswitch) values ('WIA', 'Western Asset/Claymore U.S. Treasury Inflation Prot Secs Fd', 77, 147, true);
insert into security_header (ticker_id, security_name, account_number, order_id, killswitch) values ('RGSE', 'Real Goods Solar, Inc.', 99, 284, true);
insert into security_header (ticker_id, security_name, account_number, order_id, killswitch) values ('JNCE', 'Jounce Therapeutics, Inc.', 32, 23, false);
insert into security_header (ticker_id, security_name, account_number, order_id, killswitch) values ('PAVMW', 'PAVmed Inc.', 58, 145, false);
insert into security_header (ticker_id, security_name, account_number, order_id, killswitch) values ('AYR', 'Aircastle Limited', 51, 236, true);
insert into security_header (ticker_id, security_name, account_number, order_id, killswitch) values ('FOF', 'Cohen & Steers Closed-End Opportunity Fund, Inc.', 58, 56, true);
insert into security_header (ticker_id, security_name, account_number, order_id, killswitch) values ('ASH', 'Ashland Global Holdings Inc.', 5, 83, true);
insert into security_header (ticker_id, security_name, account_number, order_id, killswitch) values ('RNVA', 'Rennova Health, Inc.', 69, 92, false);
insert into security_header (ticker_id, security_name, account_number, order_id, killswitch) values ('RMD', 'ResMed Inc.', 62, 29, true);
insert into security_header (ticker_id, security_name, account_number, order_id, killswitch) values ('ALL^A', 'Allstate Corporation (The)', 41, 125, true);
insert into security_header (ticker_id, security_name, account_number, order_id, killswitch) values ('AFGH', 'American Financial Group, Inc.', 29, 8, false);
insert into security_header (ticker_id, security_name, account_number, order_id, killswitch) values ('LAYN', 'Layne Christensen Company', 2, 296, true);
insert into security_header (ticker_id, security_name, account_number, order_id, killswitch) values ('STPP', 'iPath US Treasury Steepener ETN', 36, 40, true);
insert into security_header (ticker_id, security_name, account_number, order_id, killswitch) values ('NNC', 'Nuveen North Carolina Quality Municipal Income Fd', 62, 133, true);
insert into security_header (ticker_id, security_name, account_number, order_id, killswitch) values ('ITG', 'Investment Technology Group, Inc.', 64, 236, true);
insert into security_header (ticker_id, security_name, account_number, order_id, killswitch) values ('RAND', 'Rand Capital Corporation', 46, 209, false);
insert into security_header (ticker_id, security_name, account_number, order_id, killswitch) values ('MYOS', 'MYOS RENS Technology Inc.', 70, 248, false);
insert into security_header (ticker_id, security_name, account_number, order_id, killswitch) values ('CFC^B', 'Countrywide Financial Corporation', 31, 112, false);
insert into security_header (ticker_id, security_name, account_number, order_id, killswitch) values ('ASUR', 'Asure Software Inc', 38, 264, true);
insert into security_header (ticker_id, security_name, account_number, order_id, killswitch) values ('LHO^I', 'LaSalle Hotel Properties', 65, 79, true);
insert into security_header (ticker_id, security_name, account_number, order_id, killswitch) values ('KITE', 'Kite Pharma, Inc.', 11, 184, true);
insert into security_header (ticker_id, security_name, account_number, order_id, killswitch) values ('WHR', 'Whirlpool Corporation', 85, 115, true);
insert into security_header (ticker_id, security_name, account_number, order_id, killswitch) values ('SBNY', 'Signature Bank', 85, 217, true);
insert into security_header (ticker_id, security_name, account_number, order_id, killswitch) values ('TOUR', 'Tuniu Corporation', 73, 186, true);
insert into security_header (ticker_id, security_name, account_number, order_id, killswitch) values ('KRMA', 'Global X Conscious Companies ETF', 88, 282, true);
insert into security_header (ticker_id, security_name, account_number, order_id, killswitch) values ('RPT^D', 'Ramco-Gershenson Properties Trust', 12, 212, true);
insert into security_header (ticker_id, security_name, account_number, order_id, killswitch) values ('PKE', 'Park Electrochemical Corporation', 51, 149, false);
insert into security_header (ticker_id, security_name, account_number, order_id, killswitch) values ('EPD', 'Enterprise Products Partners L.P.', 100, 232, true);
insert into security_header (ticker_id, security_name, account_number, order_id, killswitch) values ('ESNT', 'Essent Group Ltd.', 38, 86, true);
insert into security_header (ticker_id, security_name, account_number, order_id, killswitch) values ('VGIT', 'Vanguard Intermediate -Term Government Bond ETF', 53, 63, false);
insert into security_header (ticker_id, security_name, account_number, order_id, killswitch) values ('SIX', 'Six Flags Entertainment Corporation New', 79, 111, false);
insert into security_header (ticker_id, security_name, account_number, order_id, killswitch) values ('CSU', 'Capital Senior Living Corporation', 89, 146, false);
insert into security_header (ticker_id, security_name, account_number, order_id, killswitch) values ('INFR', 'Legg Mason Global Infrastructure ETF', 40, 16, true);
insert into security_header (ticker_id, security_name, account_number, order_id, killswitch) values ('SCHW^C', 'The Charles Schwab Corporation', 60, 249, true);
insert into security_header (ticker_id, security_name, account_number, order_id, killswitch) values ('EBMT', 'Eagle Bancorp Montana, Inc.', 3, 155, true);
insert into security_header (ticker_id, security_name, account_number, order_id, killswitch) values ('AEZS', 'AEterna Zentaris Inc.', 36, 8, true);
insert into security_header (ticker_id, security_name, account_number, order_id, killswitch) values ('PAGP', 'Plains Group Holdings, L.P.', 44, 131, true);
insert into security_header (ticker_id, security_name, account_number, order_id, killswitch) values ('TSRI', 'TSR, Inc.', 83, 5, false);
insert into security_header (ticker_id, security_name, account_number, order_id, killswitch) values ('RCII', 'Rent-A-Center Inc.', 95, 203, false);
insert into security_header (ticker_id, security_name, account_number, order_id, killswitch) values ('OMEX', 'Odyssey Marine Exploration, Inc.', 7, 168, true);
insert into security_header (ticker_id, security_name, account_number, order_id, killswitch) values ('CALI', 'China Auto Logistics Inc.', 20, 187, true);

insert into etf (e_ticker_id) values ('WTFCW');
insert into etf (e_ticker_id) values ('TOL');
insert into etf (e_ticker_id) values ('MHO');
insert into etf (e_ticker_id) values ('TSEM');
insert into etf (e_ticker_id) values ('TEX');
insert into etf (e_ticker_id) values ('FSV');
insert into etf (e_ticker_id) values ('AGNCB');
insert into etf (e_ticker_id) values ('ARQL');
insert into etf (e_ticker_id) values ('NM^H');
insert into etf (e_ticker_id) values ('SGMA');
insert into etf (e_ticker_id) values ('SHIPW');
insert into etf (e_ticker_id) values ('MDIV');
insert into etf (e_ticker_id) values ('HAIN');
insert into etf (e_ticker_id) values ('IBKR');
insert into etf (e_ticker_id) values ('CTRV');
insert into etf (e_ticker_id) values ('ISBC');
insert into etf (e_ticker_id) values ('EXC');
insert into etf (e_ticker_id) values ('MNTA');
insert into etf (e_ticker_id) values ('CHKP');
insert into etf (e_ticker_id) values ('DRQ');
insert into etf (e_ticker_id) values ('DRQ');
insert into etf (e_ticker_id) values ('CHKP');
insert into etf (e_ticker_id) values ('DAN');
insert into etf (e_ticker_id) values ('QCLN');
insert into etf (e_ticker_id) values ('FIVN');
insert into etf (e_ticker_id) values ('HGV');
insert into etf (e_ticker_id) values ('TUTI');
insert into etf (e_ticker_id) values ('ESSA');
insert into etf (e_ticker_id) values ('NNN');
insert into etf (e_ticker_id) values ('MOTAW');
insert into etf (e_ticker_id) values ('GLOG^A');
insert into etf (e_ticker_id) values ('NYMT');
insert into etf (e_ticker_id) values ('RCKY');
insert into etf (e_ticker_id) values ('WEB');
insert into etf (e_ticker_id) values ('BKEP');
insert into etf (e_ticker_id) values ('TACT');
insert into etf (e_ticker_id) values ('NWS');
insert into etf (e_ticker_id) values ('DAN');
insert into etf (e_ticker_id) values ('WMIH');
insert into etf (e_ticker_id) values ('TMST');
insert into etf (e_ticker_id) values ('PPHM');
insert into etf (e_ticker_id) values ('BAC.WS.B');
insert into etf (e_ticker_id) values ('SHLM');
insert into etf (e_ticker_id) values ('FFBCW');
insert into etf (e_ticker_id) values ('SPLP^A');
insert into etf (e_ticker_id) values ('TUTI');
insert into etf (e_ticker_id) values ('AGNCB');
insert into etf (e_ticker_id) values ('CTAS');
insert into etf (e_ticker_id) values ('SRG');
insert into etf (e_ticker_id) values ('OBSV');

insert into stock (s_ticker_id) values ('SBS');
insert into stock (s_ticker_id) values ('SRAX');
insert into stock (s_ticker_id) values ('VONG');
insert into stock (s_ticker_id) values ('MAC');
insert into stock (s_ticker_id) values ('SPLP^A');
insert into stock (s_ticker_id) values ('MNR^C');
insert into stock (s_ticker_id) values ('EXPR');
insert into stock (s_ticker_id) values ('VTA');
insert into stock (s_ticker_id) values ('IRS');
insert into stock (s_ticker_id) values ('TSEM');
insert into stock (s_ticker_id) values ('FAD');
insert into stock (s_ticker_id) values ('BEAT');
insert into stock (s_ticker_id) values ('WSTC');
insert into stock (s_ticker_id) values ('HE^U');
insert into stock (s_ticker_id) values ('GXP^B');
insert into stock (s_ticker_id) values ('BKEP');
insert into stock (s_ticker_id) values ('FIVN');
insert into stock (s_ticker_id) values ('ATAX');
insert into stock (s_ticker_id) values ('PNRG');
insert into stock (s_ticker_id) values ('KAR');
insert into stock (s_ticker_id) values ('PNFP');
insert into stock (s_ticker_id) values ('DYSL');
insert into stock (s_ticker_id) values ('RSO');
insert into stock (s_ticker_id) values ('OFIX');
insert into stock (s_ticker_id) values ('TACT');
insert into stock (s_ticker_id) values ('JNP');
insert into stock (s_ticker_id) values ('MOTAW');
insert into stock (s_ticker_id) values ('SPLP^A');
insert into stock (s_ticker_id) values ('SPLP^A');
insert into stock (s_ticker_id) values ('OXFD');
insert into stock (s_ticker_id) values ('OFIX');
insert into stock (s_ticker_id) values ('OFED');
insert into stock (s_ticker_id) values ('TSEM');
insert into stock (s_ticker_id) values ('GLOG^A');
insert into stock (s_ticker_id) values ('IMDZ');
insert into stock (s_ticker_id) values ('KAR');
insert into stock (s_ticker_id) values ('HAIN');
insert into stock (s_ticker_id) values ('LGIH');
insert into stock (s_ticker_id) values ('CHKP');
insert into stock (s_ticker_id) values ('CATB');
insert into stock (s_ticker_id) values ('MHNC');
insert into stock (s_ticker_id) values ('NVRO');
insert into stock (s_ticker_id) values ('NYMT');
insert into stock (s_ticker_id) values ('TPX');
insert into stock (s_ticker_id) values ('HAIN');
insert into stock (s_ticker_id) values ('LEN');
insert into stock (s_ticker_id) values ('JNP');
insert into stock (s_ticker_id) values ('SHIPW');
insert into stock (s_ticker_id) values ('PNRG');
insert into stock (s_ticker_id) values ('MVCB');

insert into mutual_fund (m_ticker_id) values ('WYNN');
insert into mutual_fund (m_ticker_id) values ('HE^U');
insert into mutual_fund (m_ticker_id) values ('VBIV');
insert into mutual_fund (m_ticker_id) values ('UDR');
insert into mutual_fund (m_ticker_id) values ('FMSA');
insert into mutual_fund (m_ticker_id) values ('GLOG^A');
insert into mutual_fund (m_ticker_id) values ('SRG');
insert into mutual_fund (m_ticker_id) values ('FTEK');
insert into mutual_fund (m_ticker_id) values ('HE^U');
insert into mutual_fund (m_ticker_id) values ('SPLP^A');
insert into mutual_fund (m_ticker_id) values ('SPKE');
insert into mutual_fund (m_ticker_id) values ('AGNCB');
insert into mutual_fund (m_ticker_id) values ('MTN');
insert into mutual_fund (m_ticker_id) values ('BMLA');
insert into mutual_fund (m_ticker_id) values ('BKH');
insert into mutual_fund (m_ticker_id) values ('GXP^B');
insert into mutual_fund (m_ticker_id) values ('ERIC');
insert into mutual_fund (m_ticker_id) values ('CUNB');
insert into mutual_fund (m_ticker_id) values ('SHIPW');
insert into mutual_fund (m_ticker_id) values ('WEB');
insert into mutual_fund (m_ticker_id) values ('DAN');
insert into mutual_fund (m_ticker_id) values ('HGV');
insert into mutual_fund (m_ticker_id) values ('GSHTU');
insert into mutual_fund (m_ticker_id) values ('MGRC');
insert into mutual_fund (m_ticker_id) values ('GOVNI');
insert into mutual_fund (m_ticker_id) values ('GSHTU');
insert into mutual_fund (m_ticker_id) values ('WSTC');
insert into mutual_fund (m_ticker_id) values ('CMD');
insert into mutual_fund (m_ticker_id) values ('AGNCB');
insert into mutual_fund (m_ticker_id) values ('UTMD');
insert into mutual_fund (m_ticker_id) values ('BAC');
insert into mutual_fund (m_ticker_id) values ('CMD');
insert into mutual_fund (m_ticker_id) values ('LCM');
insert into mutual_fund (m_ticker_id) values ('CODI');
insert into mutual_fund (m_ticker_id) values ('QPACU');
insert into mutual_fund (m_ticker_id) values ('NVRO');
insert into mutual_fund (m_ticker_id) values ('EXC');
insert into mutual_fund (m_ticker_id) values ('ISBC');
insert into mutual_fund (m_ticker_id) values ('MUR');
insert into mutual_fund (m_ticker_id) values ('SBS');
insert into mutual_fund (m_ticker_id) values ('NVRO');
insert into mutual_fund (m_ticker_id) values ('GLOG^A');
insert into mutual_fund (m_ticker_id) values ('UTMD');
insert into mutual_fund (m_ticker_id) values ('SHIPW');
insert into mutual_fund (m_ticker_id) values ('NM^H');
insert into mutual_fund (m_ticker_id) values ('MTN');
insert into mutual_fund (m_ticker_id) values ('QPACU');
insert into mutual_fund (m_ticker_id) values ('AAAP');
insert into mutual_fund (m_ticker_id) values ('CUNB');
insert into mutual_fund (m_ticker_id) values ('QCLN');

insert into crypto (c_ticker_id) values ('ABR^C');
insert into crypto (c_ticker_id) values ('SIFY');
insert into crypto (c_ticker_id) values ('GSHTU');
insert into crypto (c_ticker_id) values ('RTK');
insert into crypto (c_ticker_id) values ('VIVO');
insert into crypto (c_ticker_id) values ('FTEK');
insert into crypto (c_ticker_id) values ('SRE');
insert into crypto (c_ticker_id) values ('BONT');
insert into crypto (c_ticker_id) values ('TEX');
insert into crypto (c_ticker_id) values ('MHNC');
insert into crypto (c_ticker_id) values ('FOANC');
insert into crypto (c_ticker_id) values ('NGHC');
insert into crypto (c_ticker_id) values ('DYSL');
insert into crypto (c_ticker_id) values ('SRE');
insert into crypto (c_ticker_id) values ('MUR');
insert into crypto (c_ticker_id) values ('CHI');
insert into crypto (c_ticker_id) values ('BKH');
insert into crypto (c_ticker_id) values ('ESES');
insert into crypto (c_ticker_id) values ('HEES');
insert into crypto (c_ticker_id) values ('FORTY');
insert into crypto (c_ticker_id) values ('ANET');
insert into crypto (c_ticker_id) values ('EXPR');
insert into crypto (c_ticker_id) values ('MRAM');
insert into crypto (c_ticker_id) values ('GGM');
insert into crypto (c_ticker_id) values ('RTK');
insert into crypto (c_ticker_id) values ('NTRSP');
insert into crypto (c_ticker_id) values ('OFED');
insert into crypto (c_ticker_id) values ('HAIN');
insert into crypto (c_ticker_id) values ('DRQ');
insert into crypto (c_ticker_id) values ('AAAP');
insert into crypto (c_ticker_id) values ('HYLS');
insert into crypto (c_ticker_id) values ('FOGO');
insert into crypto (c_ticker_id) values ('BMY');
insert into crypto (c_ticker_id) values ('MOTAW');
insert into crypto (c_ticker_id) values ('ECCA');
insert into crypto (c_ticker_id) values ('NGHC');
insert into crypto (c_ticker_id) values ('HYND');
insert into crypto (c_ticker_id) values ('GAB^G');
insert into crypto (c_ticker_id) values ('RTK');
insert into crypto (c_ticker_id) values ('NM^H');
insert into crypto (c_ticker_id) values ('SRE');
insert into crypto (c_ticker_id) values ('GLOG^A');
insert into crypto (c_ticker_id) values ('CHI');
insert into crypto (c_ticker_id) values ('HE^U');
insert into crypto (c_ticker_id) values ('ECCA');
insert into crypto (c_ticker_id) values ('IDXG');
insert into crypto (c_ticker_id) values ('CUNB');
insert into crypto (c_ticker_id) values ('CUNB');
insert into crypto (c_ticker_id) values ('UPLD');
insert into crypto (c_ticker_id) values ('MHNC');

insert into moving_price (timeprice_id, price_timestamp, ask_price, bid_price, trade_volume, ticker_id) values (1, '8:44', '$845.78', '$949.31', 344945364, 'CIVI');
insert into moving_price (timeprice_id, price_timestamp, ask_price, bid_price, trade_volume, ticker_id) values (2, '21:50', '$90.15', '$241.18', 691698447, 'PNFP');
insert into moving_price (timeprice_id, price_timestamp, ask_price, bid_price, trade_volume, ticker_id) values (3, '7:49', '$446.24', '$40.17', 371771613, 'TUTI');
insert into moving_price (timeprice_id, price_timestamp, ask_price, bid_price, trade_volume, ticker_id) values (4, '5:18', '$455.81', '$832.34', 505964396, 'DAN');
insert into moving_price (timeprice_id, price_timestamp, ask_price, bid_price, trade_volume, ticker_id) values (5, '21:16', '$434.08', '$554.99', 797761291, 'SPLP^A');
insert into moving_price (timeprice_id, price_timestamp, ask_price, bid_price, trade_volume, ticker_id) values (6, '15:08', '$194.74', '$211.39', 828020336, 'FSV');
insert into moving_price (timeprice_id, price_timestamp, ask_price, bid_price, trade_volume, ticker_id) values (7, '12:05', '$520.09', '$688.29', 360729608, 'FOR');
insert into moving_price (timeprice_id, price_timestamp, ask_price, bid_price, trade_volume, ticker_id) values (8, '18:47', '$754.71', '$335.77', 418975087, 'SBS');
insert into moving_price (timeprice_id, price_timestamp, ask_price, bid_price, trade_volume, ticker_id) values (9, '0:46', '$383.55', '$477.78', 441339270, 'WMIH');
insert into moving_price (timeprice_id, price_timestamp, ask_price, bid_price, trade_volume, ticker_id) values (10, '11:40', '$348.83', '$956.68', 537338531, 'BMY');
insert into moving_price (timeprice_id, price_timestamp, ask_price, bid_price, trade_volume, ticker_id) values (11, '15:41', '$676.77', '$455.50', 624914534, 'OFED');
insert into moving_price (timeprice_id, price_timestamp, ask_price, bid_price, trade_volume, ticker_id) values (12, '15:45', '$457.33', '$526.68', 782333589, 'LGIH');
insert into moving_price (timeprice_id, price_timestamp, ask_price, bid_price, trade_volume, ticker_id) values (13, '6:09', '$442.09', '$258.40', 418575894, 'CALI');
insert into moving_price (timeprice_id, price_timestamp, ask_price, bid_price, trade_volume, ticker_id) values (14, '2:13', '$697.36', '$890.70', 145708678, 'VRTS');
insert into moving_price (timeprice_id, price_timestamp, ask_price, bid_price, trade_volume, ticker_id) values (15, '12:54', '$925.82', '$580.57', 820048805, 'SPLP^A');
insert into moving_price (timeprice_id, price_timestamp, ask_price, bid_price, trade_volume, ticker_id) values (16, '16:39', '$996.36', '$789.75', 964032493, 'SIFY');
insert into moving_price (timeprice_id, price_timestamp, ask_price, bid_price, trade_volume, ticker_id) values (17, '22:52', '$261.84', '$634.06', 195246397, 'SPLP^A');
insert into moving_price (timeprice_id, price_timestamp, ask_price, bid_price, trade_volume, ticker_id) values (18, '17:46', '$233.37', '$499.08', 652103249, 'MLR');
insert into moving_price (timeprice_id, price_timestamp, ask_price, bid_price, trade_volume, ticker_id) values (19, '12:05', '$670.69', '$725.87', 478906003, 'ISTR');
insert into moving_price (timeprice_id, price_timestamp, ask_price, bid_price, trade_volume, ticker_id) values (20, '1:41', '$830.86', '$529.03', 990885955, 'BONT');
insert into moving_price (timeprice_id, price_timestamp, ask_price, bid_price, trade_volume, ticker_id) values (21, '20:13', '$679.34', '$676.85', 840183937, 'FCCY');
insert into moving_price (timeprice_id, price_timestamp, ask_price, bid_price, trade_volume, ticker_id) values (22, '3:18', '$156.44', '$864.26', 987231185, 'MAC');
insert into moving_price (timeprice_id, price_timestamp, ask_price, bid_price, trade_volume, ticker_id) values (23, '20:07', '$689.05', '$916.69', 860062598, 'QLC');
insert into moving_price (timeprice_id, price_timestamp, ask_price, bid_price, trade_volume, ticker_id) values (24, '10:20', '$848.61', '$584.59', 779525758, 'VIVO');
insert into moving_price (timeprice_id, price_timestamp, ask_price, bid_price, trade_volume, ticker_id) values (25, '21:38', '$711.63', '$544.82', 964897988, 'IRS');
insert into moving_price (timeprice_id, price_timestamp, ask_price, bid_price, trade_volume, ticker_id) values (26, '9:39', '$681.57', '$667.20', 710988888, 'OXFD');
insert into moving_price (timeprice_id, price_timestamp, ask_price, bid_price, trade_volume, ticker_id) values (27, '16:14', '$838.50', '$408.98', 144969645, 'MHNC');
insert into moving_price (timeprice_id, price_timestamp, ask_price, bid_price, trade_volume, ticker_id) values (28, '16:32', '$735.93', '$841.82', 254455550, 'MRAM');
insert into moving_price (timeprice_id, price_timestamp, ask_price, bid_price, trade_volume, ticker_id) values (29, '6:33', '$849.26', '$292.29', 107995834, 'BEAT');
insert into moving_price (timeprice_id, price_timestamp, ask_price, bid_price, trade_volume, ticker_id) values (30, '5:14', '$413.50', '$802.55', 457712659, 'OXFD');
insert into moving_price (timeprice_id, price_timestamp, ask_price, bid_price, trade_volume, ticker_id) values (31, '10:30', '$416.32', '$135.73', 118769286, 'ADRA');
insert into moving_price (timeprice_id, price_timestamp, ask_price, bid_price, trade_volume, ticker_id) values (32, '10:09', '$980.21', '$516.20', 263573742, 'TSEM');
insert into moving_price (timeprice_id, price_timestamp, ask_price, bid_price, trade_volume, ticker_id) values (33, '0:13', '$134.39', '$159.80', 178439280, 'FOR');
insert into moving_price (timeprice_id, price_timestamp, ask_price, bid_price, trade_volume, ticker_id) values (34, '13:12', '$73.06', '$99.52', 792884595, 'OGE');
insert into moving_price (timeprice_id, price_timestamp, ask_price, bid_price, trade_volume, ticker_id) values (35, '10:02', '$672.45', '$534.18', 301113016, 'SHIPW');
insert into moving_price (timeprice_id, price_timestamp, ask_price, bid_price, trade_volume, ticker_id) values (36, '2:35', '$744.05', '$279.74', 49308778, 'MUR');
insert into moving_price (timeprice_id, price_timestamp, ask_price, bid_price, trade_volume, ticker_id) values (37, '17:26', '$662.09', '$94.06', 228500144, 'FFBCW');
insert into moving_price (timeprice_id, price_timestamp, ask_price, bid_price, trade_volume, ticker_id) values (38, '9:56', '$864.22', '$279.90', 977658458, 'GAB^G');
insert into moving_price (timeprice_id, price_timestamp, ask_price, bid_price, trade_volume, ticker_id) values (39, '17:53', '$35.63', '$819.70', 103829300, 'NYMT');
insert into moving_price (timeprice_id, price_timestamp, ask_price, bid_price, trade_volume, ticker_id) values (40, '10:01', '$391.80', '$537.23', 131082444, 'FTAI');
insert into moving_price (timeprice_id, price_timestamp, ask_price, bid_price, trade_volume, ticker_id) values (41, '6:10', '$677.44', '$280.97', 358655765, 'ISTR');
insert into moving_price (timeprice_id, price_timestamp, ask_price, bid_price, trade_volume, ticker_id) values (42, '16:55', '$577.51', '$980.23', 850641331, 'BAC.WS.B');
insert into moving_price (timeprice_id, price_timestamp, ask_price, bid_price, trade_volume, ticker_id) values (43, '11:04', '$409.25', '$765.32', 3987452, 'SIFY');
insert into moving_price (timeprice_id, price_timestamp, ask_price, bid_price, trade_volume, ticker_id) values (44, '6:06', '$828.10', '$724.82', 23571060, 'HCC');
insert into moving_price (timeprice_id, price_timestamp, ask_price, bid_price, trade_volume, ticker_id) values (45, '9:08', '$272.74', '$818.33', 735505648, 'MFCB');
insert into moving_price (timeprice_id, price_timestamp, ask_price, bid_price, trade_volume, ticker_id) values (46, '16:45', '$865.63', '$19.48', 31431159, 'SBS');
insert into moving_price (timeprice_id, price_timestamp, ask_price, bid_price, trade_volume, ticker_id) values (47, '8:54', '$459.08', '$501.11', 468558797, 'ADMA');
insert into moving_price (timeprice_id, price_timestamp, ask_price, bid_price, trade_volume, ticker_id) values (48, '14:15', '$464.22', '$118.27', 226920389, 'FTEK');
insert into moving_price (timeprice_id, price_timestamp, ask_price, bid_price, trade_volume, ticker_id) values (49, '7:38', '$119.41', '$859.88', 544796560, 'DRQ');
insert into moving_price (timeprice_id, price_timestamp, ask_price, bid_price, trade_volume, ticker_id) values (50, '0:14', '$493.08', '$263.49', 473693476, 'DDD');
insert into moving_price (timeprice_id, price_timestamp, ask_price, bid_price, trade_volume, ticker_id) values (51, '8:12', '$944.70', '$491.41', 961832524, 'CATB');
insert into moving_price (timeprice_id, price_timestamp, ask_price, bid_price, trade_volume, ticker_id) values (52, '23:25', '$61.68', '$892.08', 369819094, 'RCKY');
insert into moving_price (timeprice_id, price_timestamp, ask_price, bid_price, trade_volume, ticker_id) values (53, '1:58', '$909.68', '$279.42', 927464297, 'VVV');
insert into moving_price (timeprice_id, price_timestamp, ask_price, bid_price, trade_volume, ticker_id) values (54, '18:09', '$445.34', '$229.65', 503109851, 'GSHTU');
insert into moving_price (timeprice_id, price_timestamp, ask_price, bid_price, trade_volume, ticker_id) values (55, '11:07', '$736.21', '$202.90', 756333480, 'SQ');
insert into moving_price (timeprice_id, price_timestamp, ask_price, bid_price, trade_volume, ticker_id) values (56, '15:51', '$824.33', '$947.48', 935698555, 'EXPR');
insert into moving_price (timeprice_id, price_timestamp, ask_price, bid_price, trade_volume, ticker_id) values (57, '4:15', '$42.41', '$846.82', 282845102, 'LEXEA');
insert into moving_price (timeprice_id, price_timestamp, ask_price, bid_price, trade_volume, ticker_id) values (58, '2:53', '$795.26', '$760.75', 55481421, 'PNRG');
insert into moving_price (timeprice_id, price_timestamp, ask_price, bid_price, trade_volume, ticker_id) values (59, '4:26', '$656.14', '$940.77', 658366506, 'HEES');
insert into moving_price (timeprice_id, price_timestamp, ask_price, bid_price, trade_volume, ticker_id) values (60, '19:08', '$598.25', '$433.37', 780166074, 'ISBC');
insert into moving_price (timeprice_id, price_timestamp, ask_price, bid_price, trade_volume, ticker_id) values (61, '20:01', '$444.24', '$303.46', 524575028, 'FVC');
insert into moving_price (timeprice_id, price_timestamp, ask_price, bid_price, trade_volume, ticker_id) values (62, '17:55', '$97.05', '$113.37', 382007610, 'CSTE');
insert into moving_price (timeprice_id, price_timestamp, ask_price, bid_price, trade_volume, ticker_id) values (63, '20:06', '$345.56', '$609.03', 614246621, 'MLR');
insert into moving_price (timeprice_id, price_timestamp, ask_price, bid_price, trade_volume, ticker_id) values (64, '2:52', '$885.85', '$600.39', 891117338, 'BMY');
insert into moving_price (timeprice_id, price_timestamp, ask_price, bid_price, trade_volume, ticker_id) values (65, '4:14', '$986.67', '$964.80', 54299878, 'MRAM');
insert into moving_price (timeprice_id, price_timestamp, ask_price, bid_price, trade_volume, ticker_id) values (66, '20:07', '$579.87', '$461.97', 888755614, 'TSEM');
insert into moving_price (timeprice_id, price_timestamp, ask_price, bid_price, trade_volume, ticker_id) values (67, '0:45', '$752.93', '$315.06', 449313602, 'UPLD');
insert into moving_price (timeprice_id, price_timestamp, ask_price, bid_price, trade_volume, ticker_id) values (68, '22:57', '$459.73', '$888.43', 314950217, 'EEQ');
insert into moving_price (timeprice_id, price_timestamp, ask_price, bid_price, trade_volume, ticker_id) values (69, '21:42', '$836.04', '$8.97', 501827145, 'FOGO');
insert into moving_price (timeprice_id, price_timestamp, ask_price, bid_price, trade_volume, ticker_id) values (70, '19:09', '$812.25', '$110.01', 243202054, 'LCM');
insert into moving_price (timeprice_id, price_timestamp, ask_price, bid_price, trade_volume, ticker_id) values (71, '12:38', '$421.34', '$602.70', 415128048, 'LEXEA');
insert into moving_price (timeprice_id, price_timestamp, ask_price, bid_price, trade_volume, ticker_id) values (72, '16:03', '$931.04', '$250.10', 154630496, 'MTN');
insert into moving_price (timeprice_id, price_timestamp, ask_price, bid_price, trade_volume, ticker_id) values (73, '6:22', '$883.72', '$519.92', 583683805, 'GGM');
insert into moving_price (timeprice_id, price_timestamp, ask_price, bid_price, trade_volume, ticker_id) values (74, '21:05', '$673.76', '$295.76', 127404805, 'CSTE');
insert into moving_price (timeprice_id, price_timestamp, ask_price, bid_price, trade_volume, ticker_id) values (75, '23:23', '$49.54', '$999.10', 66489666, 'HE^U');
insert into moving_price (timeprice_id, price_timestamp, ask_price, bid_price, trade_volume, ticker_id) values (76, '9:54', '$438.34', '$908.90', 788259477, 'FOGO');
insert into moving_price (timeprice_id, price_timestamp, ask_price, bid_price, trade_volume, ticker_id) values (77, '13:22', '$917.91', '$623.02', 49559678, 'FFBCW');
insert into moving_price (timeprice_id, price_timestamp, ask_price, bid_price, trade_volume, ticker_id) values (78, '16:16', '$121.57', '$907.20', 757747608, 'CSTE');
insert into moving_price (timeprice_id, price_timestamp, ask_price, bid_price, trade_volume, ticker_id) values (79, '20:08', '$111.42', '$490.28', 863535095, 'BKH');
insert into moving_price (timeprice_id, price_timestamp, ask_price, bid_price, trade_volume, ticker_id) values (80, '12:48', '$901.21', '$656.22', 243249866, 'FVC');
insert into moving_price (timeprice_id, price_timestamp, ask_price, bid_price, trade_volume, ticker_id) values (81, '10:03', '$428.40', '$10.79', 612187425, 'NM^H');
insert into moving_price (timeprice_id, price_timestamp, ask_price, bid_price, trade_volume, ticker_id) values (82, '11:00', '$292.14', '$52.21', 630071605, 'IBKR');
insert into moving_price (timeprice_id, price_timestamp, ask_price, bid_price, trade_volume, ticker_id) values (83, '15:20', '$749.82', '$222.94', 369274052, 'DEPO');
insert into moving_price (timeprice_id, price_timestamp, ask_price, bid_price, trade_volume, ticker_id) values (84, '1:53', '$920.02', '$338.67', 362487958, 'AAAP');
insert into moving_price (timeprice_id, price_timestamp, ask_price, bid_price, trade_volume, ticker_id) values (85, '17:50', '$793.63', '$938.89', 543218436, 'SIFY');
insert into moving_price (timeprice_id, price_timestamp, ask_price, bid_price, trade_volume, ticker_id) values (86, '11:42', '$821.03', '$251.27', 479778813, 'OFED');
insert into moving_price (timeprice_id, price_timestamp, ask_price, bid_price, trade_volume, ticker_id) values (87, '14:57', '$715.03', '$348.00', 514246222, 'TUTI');
insert into moving_price (timeprice_id, price_timestamp, ask_price, bid_price, trade_volume, ticker_id) values (88, '21:48', '$394.25', '$30.10', 230376968, 'OBSV');
insert into moving_price (timeprice_id, price_timestamp, ask_price, bid_price, trade_volume, ticker_id) values (89, '2:52', '$949.22', '$75.23', 75689538, 'MFCB');
insert into moving_price (timeprice_id, price_timestamp, ask_price, bid_price, trade_volume, ticker_id) values (90, '10:58', '$138.47', '$610.21', 426188165, 'DRQ');
insert into moving_price (timeprice_id, price_timestamp, ask_price, bid_price, trade_volume, ticker_id) values (91, '15:13', '$922.62', '$587.17', 679159231, 'FTAI');
insert into moving_price (timeprice_id, price_timestamp, ask_price, bid_price, trade_volume, ticker_id) values (92, '1:52', '$225.22', '$271.92', 172464681, 'VVV');
insert into moving_price (timeprice_id, price_timestamp, ask_price, bid_price, trade_volume, ticker_id) values (93, '14:45', '$574.09', '$788.50', 264164838, 'HGV');
insert into moving_price (timeprice_id, price_timestamp, ask_price, bid_price, trade_volume, ticker_id) values (94, '23:53', '$220.31', '$75.37', 353232, 'JNP');
insert into moving_price (timeprice_id, price_timestamp, ask_price, bid_price, trade_volume, ticker_id) values (95, '10:25', '$548.86', '$613.29', 798116217, 'SVA');
insert into moving_price (timeprice_id, price_timestamp, ask_price, bid_price, trade_volume, ticker_id) values (96, '20:54', '$577.67', '$948.49', 619472379, 'ATAX');
insert into moving_price (timeprice_id, price_timestamp, ask_price, bid_price, trade_volume, ticker_id) values (97, '1:27', '$728.40', '$492.82', 674617526, 'SPKE');
insert into moving_price (timeprice_id, price_timestamp, ask_price, bid_price, trade_volume, ticker_id) values (98, '4:25', '$338.74', '$729.76', 81017100, 'CHKP');
insert into moving_price (timeprice_id, price_timestamp, ask_price, bid_price, trade_volume, ticker_id) values (99, '16:03', '$413.91', '$826.33', 31973873, 'GLOG^A');
insert into moving_price (timeprice_id, price_timestamp, ask_price, bid_price, trade_volume, ticker_id) values (100, '9:41', '$519.03', '$481.76', 609240733, 'HTF');
insert into moving_price (timeprice_id, price_timestamp, ask_price, bid_price, trade_volume, ticker_id) values (101, '14:08', '$594.36', '$411.27', 286169111, 'MDGL');
insert into moving_price (timeprice_id, price_timestamp, ask_price, bid_price, trade_volume, ticker_id) values (102, '9:11', '$942.93', '$566.26', 549245145, 'CHI');
insert into moving_price (timeprice_id, price_timestamp, ask_price, bid_price, trade_volume, ticker_id) values (103, '16:56', '$381.41', '$780.30', 358203096, 'MHO');
insert into moving_price (timeprice_id, price_timestamp, ask_price, bid_price, trade_volume, ticker_id) values (104, '6:36', '$82.53', '$727.67', 998747923, 'BAC');
insert into moving_price (timeprice_id, price_timestamp, ask_price, bid_price, trade_volume, ticker_id) values (105, '22:31', '$825.91', '$567.78', 638553224, 'DAN');
insert into moving_price (timeprice_id, price_timestamp, ask_price, bid_price, trade_volume, ticker_id) values (106, '10:13', '$459.81', '$597.86', 328411742, 'TACT');
insert into moving_price (timeprice_id, price_timestamp, ask_price, bid_price, trade_volume, ticker_id) values (107, '4:40', '$928.36', '$137.69', 759764909, 'AEUA');
insert into moving_price (timeprice_id, price_timestamp, ask_price, bid_price, trade_volume, ticker_id) values (108, '22:43', '$701.35', '$6.95', 921145524, 'CTRV');
insert into moving_price (timeprice_id, price_timestamp, ask_price, bid_price, trade_volume, ticker_id) values (109, '23:36', '$146.28', '$660.78', 139547385, 'RVT');
insert into moving_price (timeprice_id, price_timestamp, ask_price, bid_price, trade_volume, ticker_id) values (110, '14:09', '$99.07', '$168.00', 822872346, 'NVRO');
insert into moving_price (timeprice_id, price_timestamp, ask_price, bid_price, trade_volume, ticker_id) values (111, '23:25', '$934.41', '$394.55', 801818378, 'CSIQ');
insert into moving_price (timeprice_id, price_timestamp, ask_price, bid_price, trade_volume, ticker_id) values (112, '18:17', '$96.40', '$950.64', 165255837, 'GOVNI');
insert into moving_price (timeprice_id, price_timestamp, ask_price, bid_price, trade_volume, ticker_id) values (113, '15:40', '$15.18', '$543.41', 162352223, 'LGIH');
insert into moving_price (timeprice_id, price_timestamp, ask_price, bid_price, trade_volume, ticker_id) values (114, '5:21', '$866.49', '$125.35', 685089357, 'FCCY');
insert into moving_price (timeprice_id, price_timestamp, ask_price, bid_price, trade_volume, ticker_id) values (115, '11:15', '$305.09', '$733.52', 88818199, 'FAD');
insert into moving_price (timeprice_id, price_timestamp, ask_price, bid_price, trade_volume, ticker_id) values (116, '18:55', '$854.13', '$429.26', 153697258, 'BAC');
insert into moving_price (timeprice_id, price_timestamp, ask_price, bid_price, trade_volume, ticker_id) values (117, '21:17', '$761.93', '$531.98', 399415260, 'EXPR');
insert into moving_price (timeprice_id, price_timestamp, ask_price, bid_price, trade_volume, ticker_id) values (118, '2:57', '$561.49', '$398.65', 992460803, 'ERIC');
insert into moving_price (timeprice_id, price_timestamp, ask_price, bid_price, trade_volume, ticker_id) values (119, '17:39', '$51.01', '$587.52', 858645476, 'FTS');
insert into moving_price (timeprice_id, price_timestamp, ask_price, bid_price, trade_volume, ticker_id) values (120, '21:15', '$997.30', '$172.43', 115876704, 'ESES');
insert into moving_price (timeprice_id, price_timestamp, ask_price, bid_price, trade_volume, ticker_id) values (121, '21:33', '$934.77', '$568.69', 278282797, 'MTN');
insert into moving_price (timeprice_id, price_timestamp, ask_price, bid_price, trade_volume, ticker_id) values (122, '20:53', '$763.42', '$577.83', 131527873, 'CATB');
insert into moving_price (timeprice_id, price_timestamp, ask_price, bid_price, trade_volume, ticker_id) values (123, '17:23', '$103.60', '$773.76', 251421410, 'RSO');
insert into moving_price (timeprice_id, price_timestamp, ask_price, bid_price, trade_volume, ticker_id) values (124, '5:58', '$100.81', '$867.44', 756741157, 'CALI');
insert into moving_price (timeprice_id, price_timestamp, ask_price, bid_price, trade_volume, ticker_id) values (125, '15:49', '$802.22', '$105.03', 878529098, 'TPX');
insert into moving_price (timeprice_id, price_timestamp, ask_price, bid_price, trade_volume, ticker_id) values (126, '4:52', '$398.40', '$318.27', 302464171, 'MGRC');
insert into moving_price (timeprice_id, price_timestamp, ask_price, bid_price, trade_volume, ticker_id) values (127, '22:23', '$541.98', '$283.24', 389404996, 'ANET');
insert into moving_price (timeprice_id, price_timestamp, ask_price, bid_price, trade_volume, ticker_id) values (128, '18:34', '$632.32', '$821.80', 427501572, 'DAN');
insert into moving_price (timeprice_id, price_timestamp, ask_price, bid_price, trade_volume, ticker_id) values (129, '8:25', '$689.94', '$850.58', 223683246, 'FRC^H');
insert into moving_price (timeprice_id, price_timestamp, ask_price, bid_price, trade_volume, ticker_id) values (130, '0:47', '$604.36', '$779.64', 216259538, 'ADRA');
insert into moving_price (timeprice_id, price_timestamp, ask_price, bid_price, trade_volume, ticker_id) values (131, '4:15', '$532.12', '$662.15', 54959067, 'OGE');
insert into moving_price (timeprice_id, price_timestamp, ask_price, bid_price, trade_volume, ticker_id) values (132, '2:59', '$135.79', '$199.45', 266532884, 'ATAX');
insert into moving_price (timeprice_id, price_timestamp, ask_price, bid_price, trade_volume, ticker_id) values (133, '7:18', '$628.10', '$232.94', 226044078, 'IRS');
insert into moving_price (timeprice_id, price_timestamp, ask_price, bid_price, trade_volume, ticker_id) values (134, '15:24', '$167.80', '$972.67', 549832886, 'AGNCB');
insert into moving_price (timeprice_id, price_timestamp, ask_price, bid_price, trade_volume, ticker_id) values (135, '11:44', '$168.95', '$878.56', 841103155, 'NGHC');
insert into moving_price (timeprice_id, price_timestamp, ask_price, bid_price, trade_volume, ticker_id) values (136, '3:47', '$410.12', '$754.19', 168503750, 'NNN');
insert into moving_price (timeprice_id, price_timestamp, ask_price, bid_price, trade_volume, ticker_id) values (137, '15:57', '$632.89', '$783.27', 801481273, 'WTFCW');
insert into moving_price (timeprice_id, price_timestamp, ask_price, bid_price, trade_volume, ticker_id) values (138, '8:58', '$173.04', '$685.67', 255457565, 'BKH');
insert into moving_price (timeprice_id, price_timestamp, ask_price, bid_price, trade_volume, ticker_id) values (139, '20:03', '$182.58', '$445.73', 93166817, 'FFBCW');
insert into moving_price (timeprice_id, price_timestamp, ask_price, bid_price, trade_volume, ticker_id) values (140, '1:12', '$615.33', '$358.37', 580887689, 'BAC');
insert into moving_price (timeprice_id, price_timestamp, ask_price, bid_price, trade_volume, ticker_id) values (141, '23:42', '$646.26', '$780.87', 857740883, 'EXPR');
insert into moving_price (timeprice_id, price_timestamp, ask_price, bid_price, trade_volume, ticker_id) values (142, '18:51', '$967.23', '$509.46', 187899675, 'EXC');
insert into moving_price (timeprice_id, price_timestamp, ask_price, bid_price, trade_volume, ticker_id) values (143, '17:09', '$4.79', '$515.30', 275709587, 'UPLD');
insert into moving_price (timeprice_id, price_timestamp, ask_price, bid_price, trade_volume, ticker_id) values (144, '13:36', '$44.96', '$615.95', 701818768, 'PNFP');
insert into moving_price (timeprice_id, price_timestamp, ask_price, bid_price, trade_volume, ticker_id) values (145, '6:40', '$86.84', '$701.28', 56885096, 'HEES');
insert into moving_price (timeprice_id, price_timestamp, ask_price, bid_price, trade_volume, ticker_id) values (146, '5:44', '$850.93', '$509.94', 533906087, 'OXFD');
insert into moving_price (timeprice_id, price_timestamp, ask_price, bid_price, trade_volume, ticker_id) values (147, '8:29', '$703.16', '$267.93', 562664674, 'NVRO');
insert into moving_price (timeprice_id, price_timestamp, ask_price, bid_price, trade_volume, ticker_id) values (148, '23:03', '$482.01', '$998.65', 846076215, 'ACHC');
insert into moving_price (timeprice_id, price_timestamp, ask_price, bid_price, trade_volume, ticker_id) values (149, '3:32', '$236.84', '$740.62', 84108171, 'VBIV');
insert into moving_price (timeprice_id, price_timestamp, ask_price, bid_price, trade_volume, ticker_id) values (150, '17:17', '$173.87', '$903.03', 867551555, 'MRAM');
insert into moving_price (timeprice_id, price_timestamp, ask_price, bid_price, trade_volume, ticker_id) values (151, '19:24', '$530.77', '$624.06', 131395730, 'NWY');
insert into moving_price (timeprice_id, price_timestamp, ask_price, bid_price, trade_volume, ticker_id) values (152, '17:24', '$214.12', '$11.60', 594235076, 'CTRV');
insert into moving_price (timeprice_id, price_timestamp, ask_price, bid_price, trade_volume, ticker_id) values (153, '14:31', '$506.32', '$184.62', 996626805, 'LEXEA');
insert into moving_price (timeprice_id, price_timestamp, ask_price, bid_price, trade_volume, ticker_id) values (154, '15:05', '$995.23', '$340.64', 164656344, 'GLOG^A');
insert into moving_price (timeprice_id, price_timestamp, ask_price, bid_price, trade_volume, ticker_id) values (155, '3:53', '$526.01', '$744.44', 386265691, 'TY');
insert into moving_price (timeprice_id, price_timestamp, ask_price, bid_price, trade_volume, ticker_id) values (156, '21:17', '$178.85', '$298.49', 513029571, 'NM^H');
insert into moving_price (timeprice_id, price_timestamp, ask_price, bid_price, trade_volume, ticker_id) values (157, '17:33', '$145.41', '$639.04', 372933159, 'VRTS');
insert into moving_price (timeprice_id, price_timestamp, ask_price, bid_price, trade_volume, ticker_id) values (158, '19:50', '$970.55', '$804.30', 859633508, 'KAR');
insert into moving_price (timeprice_id, price_timestamp, ask_price, bid_price, trade_volume, ticker_id) values (159, '12:32', '$591.80', '$715.69', 172603085, 'KAR');
insert into moving_price (timeprice_id, price_timestamp, ask_price, bid_price, trade_volume, ticker_id) values (160, '2:29', '$273.76', '$735.43', 215471100, 'FMSA');
insert into moving_price (timeprice_id, price_timestamp, ask_price, bid_price, trade_volume, ticker_id) values (161, '2:05', '$838.55', '$299.22', 105393229, 'WSTC');
insert into moving_price (timeprice_id, price_timestamp, ask_price, bid_price, trade_volume, ticker_id) values (162, '3:43', '$595.72', '$593.56', 418109317, 'BAC');
insert into moving_price (timeprice_id, price_timestamp, ask_price, bid_price, trade_volume, ticker_id) values (163, '19:31', '$837.64', '$449.31', 129646799, 'MDGL');
insert into moving_price (timeprice_id, price_timestamp, ask_price, bid_price, trade_volume, ticker_id) values (164, '15:42', '$325.74', '$403.29', 70852090, 'PX');
insert into moving_price (timeprice_id, price_timestamp, ask_price, bid_price, trade_volume, ticker_id) values (165, '11:35', '$634.53', '$686.93', 100805326, 'DYSL');
insert into moving_price (timeprice_id, price_timestamp, ask_price, bid_price, trade_volume, ticker_id) values (166, '2:07', '$617.99', '$308.49', 797481877, 'VONG');
insert into moving_price (timeprice_id, price_timestamp, ask_price, bid_price, trade_volume, ticker_id) values (167, '15:40', '$334.00', '$572.48', 847190489, 'ADRA');
insert into moving_price (timeprice_id, price_timestamp, ask_price, bid_price, trade_volume, ticker_id) values (168, '13:31', '$981.83', '$426.91', 642175923, 'EXPR');
insert into moving_price (timeprice_id, price_timestamp, ask_price, bid_price, trade_volume, ticker_id) values (169, '18:39', '$352.76', '$448.66', 813397784, 'VONG');
insert into moving_price (timeprice_id, price_timestamp, ask_price, bid_price, trade_volume, ticker_id) values (170, '5:25', '$85.38', '$198.16', 290805782, 'SRE');
insert into moving_price (timeprice_id, price_timestamp, ask_price, bid_price, trade_volume, ticker_id) values (171, '22:52', '$203.77', '$538.91', 440779246, 'AGNCB');
insert into moving_price (timeprice_id, price_timestamp, ask_price, bid_price, trade_volume, ticker_id) values (172, '5:55', '$992.37', '$721.67', 178135473, 'GTS');
insert into moving_price (timeprice_id, price_timestamp, ask_price, bid_price, trade_volume, ticker_id) values (173, '11:07', '$320.49', '$583.68', 188042444, 'FMBH');
insert into moving_price (timeprice_id, price_timestamp, ask_price, bid_price, trade_volume, ticker_id) values (174, '19:22', '$131.71', '$778.96', 546361398, 'ESES');
insert into moving_price (timeprice_id, price_timestamp, ask_price, bid_price, trade_volume, ticker_id) values (175, '5:08', '$937.10', '$197.50', 793090748, 'CALI');
insert into moving_price (timeprice_id, price_timestamp, ask_price, bid_price, trade_volume, ticker_id) values (176, '14:23', '$183.46', '$564.92', 811038533, 'LUV');
insert into moving_price (timeprice_id, price_timestamp, ask_price, bid_price, trade_volume, ticker_id) values (177, '11:34', '$993.63', '$853.10', 775355985, 'KAR');
insert into moving_price (timeprice_id, price_timestamp, ask_price, bid_price, trade_volume, ticker_id) values (178, '19:49', '$371.15', '$937.35', 852200469, 'KMI^A');
insert into moving_price (timeprice_id, price_timestamp, ask_price, bid_price, trade_volume, ticker_id) values (179, '11:57', '$911.35', '$77.84', 149056391, 'QLC');
insert into moving_price (timeprice_id, price_timestamp, ask_price, bid_price, trade_volume, ticker_id) values (180, '19:22', '$982.34', '$169.35', 991179878, 'TACT');
insert into moving_price (timeprice_id, price_timestamp, ask_price, bid_price, trade_volume, ticker_id) values (181, '8:10', '$650.56', '$759.97', 126867072, 'HCC');
insert into moving_price (timeprice_id, price_timestamp, ask_price, bid_price, trade_volume, ticker_id) values (182, '3:51', '$918.18', '$279.81', 137299835, 'MDIV');
insert into moving_price (timeprice_id, price_timestamp, ask_price, bid_price, trade_volume, ticker_id) values (183, '18:33', '$806.96', '$600.61', 445022154, 'ISTR');
insert into moving_price (timeprice_id, price_timestamp, ask_price, bid_price, trade_volume, ticker_id) values (184, '12:22', '$84.04', '$527.97', 303505974, 'FMSA');
insert into moving_price (timeprice_id, price_timestamp, ask_price, bid_price, trade_volume, ticker_id) values (185, '12:05', '$309.88', '$929.84', 713362802, 'ESSA');
insert into moving_price (timeprice_id, price_timestamp, ask_price, bid_price, trade_volume, ticker_id) values (186, '4:16', '$404.70', '$876.95', 4257474, 'ABR^C');
insert into moving_price (timeprice_id, price_timestamp, ask_price, bid_price, trade_volume, ticker_id) values (187, '5:11', '$47.66', '$404.64', 760711633, 'FSV');
insert into moving_price (timeprice_id, price_timestamp, ask_price, bid_price, trade_volume, ticker_id) values (188, '19:50', '$213.64', '$407.14', 179101870, 'WETF');
insert into moving_price (timeprice_id, price_timestamp, ask_price, bid_price, trade_volume, ticker_id) values (189, '8:21', '$946.59', '$404.71', 884159897, 'ARQL');
insert into moving_price (timeprice_id, price_timestamp, ask_price, bid_price, trade_volume, ticker_id) values (190, '21:15', '$727.60', '$430.96', 793392571, 'BAC.WS.B');
insert into moving_price (timeprice_id, price_timestamp, ask_price, bid_price, trade_volume, ticker_id) values (191, '2:14', '$867.47', '$927.92', 827790538, 'ACH');
insert into moving_price (timeprice_id, price_timestamp, ask_price, bid_price, trade_volume, ticker_id) values (192, '22:07', '$294.25', '$718.12', 95837565, 'CALI');
insert into moving_price (timeprice_id, price_timestamp, ask_price, bid_price, trade_volume, ticker_id) values (193, '3:29', '$838.84', '$32.71', 406563016, 'ACH');
insert into moving_price (timeprice_id, price_timestamp, ask_price, bid_price, trade_volume, ticker_id) values (194, '22:44', '$677.81', '$36.92', 800595866, 'BAP');
insert into moving_price (timeprice_id, price_timestamp, ask_price, bid_price, trade_volume, ticker_id) values (195, '16:32', '$735.99', '$294.07', 81459459, 'NWS');
insert into moving_price (timeprice_id, price_timestamp, ask_price, bid_price, trade_volume, ticker_id) values (196, '12:55', '$677.59', '$83.91', 555752472, 'DRQ');
insert into moving_price (timeprice_id, price_timestamp, ask_price, bid_price, trade_volume, ticker_id) values (197, '15:53', '$478.31', '$804.82', 50316280, 'CIVBP');
insert into moving_price (timeprice_id, price_timestamp, ask_price, bid_price, trade_volume, ticker_id) values (198, '2:56', '$590.85', '$967.30', 8328185, 'AAAP');
insert into moving_price (timeprice_id, price_timestamp, ask_price, bid_price, trade_volume, ticker_id) values (199, '16:13', '$940.22', '$319.88', 946288693, 'QPACU');
insert into moving_price (timeprice_id, price_timestamp, ask_price, bid_price, trade_volume, ticker_id) values (200, '12:54', '$554.44', '$365.37', 900455613, 'TY');
insert into moving_price (timeprice_id, price_timestamp, ask_price, bid_price, trade_volume, ticker_id) values (201, '3:43', '$770.52', '$205.44', 752309010, 'VRTS');
insert into moving_price (timeprice_id, price_timestamp, ask_price, bid_price, trade_volume, ticker_id) values (202, '10:56', '$786.21', '$507.03', 558715952, 'SRE');
insert into moving_price (timeprice_id, price_timestamp, ask_price, bid_price, trade_volume, ticker_id) values (203, '23:31', '$58.76', '$901.36', 924950403, 'FCCY');
insert into moving_price (timeprice_id, price_timestamp, ask_price, bid_price, trade_volume, ticker_id) values (204, '22:14', '$896.44', '$665.01', 817363298, 'VONG');
insert into moving_price (timeprice_id, price_timestamp, ask_price, bid_price, trade_volume, ticker_id) values (205, '18:11', '$113.81', '$10.57', 271638960, 'WSTC');
insert into moving_price (timeprice_id, price_timestamp, ask_price, bid_price, trade_volume, ticker_id) values (206, '11:26', '$164.86', '$599.92', 208406879, 'PNRG');
insert into moving_price (timeprice_id, price_timestamp, ask_price, bid_price, trade_volume, ticker_id) values (207, '1:10', '$510.90', '$988.51', 962746502, 'FOGO');
insert into moving_price (timeprice_id, price_timestamp, ask_price, bid_price, trade_volume, ticker_id) values (208, '20:42', '$728.31', '$889.24', 278625467, 'TUTI');
insert into moving_price (timeprice_id, price_timestamp, ask_price, bid_price, trade_volume, ticker_id) values (209, '10:10', '$32.76', '$674.97', 397601373, 'PX');
insert into moving_price (timeprice_id, price_timestamp, ask_price, bid_price, trade_volume, ticker_id) values (210, '13:33', '$138.72', '$594.30', 823193823, 'SPH');
insert into moving_price (timeprice_id, price_timestamp, ask_price, bid_price, trade_volume, ticker_id) values (211, '6:01', '$781.13', '$814.66', 821893897, 'HE^U');
insert into moving_price (timeprice_id, price_timestamp, ask_price, bid_price, trade_volume, ticker_id) values (212, '19:08', '$94.06', '$530.73', 252687140, 'NM^H');
insert into moving_price (timeprice_id, price_timestamp, ask_price, bid_price, trade_volume, ticker_id) values (213, '19:42', '$673.22', '$34.47', 743713669, 'RSO');
insert into moving_price (timeprice_id, price_timestamp, ask_price, bid_price, trade_volume, ticker_id) values (214, '11:55', '$719.13', '$14.32', 196373040, 'BMLA');
insert into moving_price (timeprice_id, price_timestamp, ask_price, bid_price, trade_volume, ticker_id) values (215, '6:43', '$231.44', '$228.14', 268763146, 'IRS');
insert into moving_price (timeprice_id, price_timestamp, ask_price, bid_price, trade_volume, ticker_id) values (216, '23:29', '$799.54', '$448.57', 343766577, 'IMDZ');
insert into moving_price (timeprice_id, price_timestamp, ask_price, bid_price, trade_volume, ticker_id) values (217, '14:33', '$906.12', '$719.61', 488996376, 'JNP');
insert into moving_price (timeprice_id, price_timestamp, ask_price, bid_price, trade_volume, ticker_id) values (218, '14:51', '$706.93', '$21.59', 628822385, 'HEES');
insert into moving_price (timeprice_id, price_timestamp, ask_price, bid_price, trade_volume, ticker_id) values (219, '8:45', '$580.41', '$998.33', 325067609, 'ANET');
insert into moving_price (timeprice_id, price_timestamp, ask_price, bid_price, trade_volume, ticker_id) values (220, '5:40', '$225.19', '$433.57', 810133469, 'FSV');
insert into moving_price (timeprice_id, price_timestamp, ask_price, bid_price, trade_volume, ticker_id) values (221, '16:09', '$46.16', '$123.47', 12768018, 'NWS');
insert into moving_price (timeprice_id, price_timestamp, ask_price, bid_price, trade_volume, ticker_id) values (222, '5:07', '$146.14', '$844.88', 590617032, 'FOANC');
insert into moving_price (timeprice_id, price_timestamp, ask_price, bid_price, trade_volume, ticker_id) values (223, '16:50', '$236.99', '$580.26', 982615164, 'CIVI');
insert into moving_price (timeprice_id, price_timestamp, ask_price, bid_price, trade_volume, ticker_id) values (224, '16:47', '$877.19', '$373.14', 986477988, 'IBKR');
insert into moving_price (timeprice_id, price_timestamp, ask_price, bid_price, trade_volume, ticker_id) values (225, '10:43', '$300.54', '$655.20', 271912441, 'GAB^G');
insert into moving_price (timeprice_id, price_timestamp, ask_price, bid_price, trade_volume, ticker_id) values (226, '12:42', '$796.49', '$321.63', 765951592, 'SGMA');
insert into moving_price (timeprice_id, price_timestamp, ask_price, bid_price, trade_volume, ticker_id) values (227, '23:41', '$983.69', '$676.49', 796591940, 'IRS');
insert into moving_price (timeprice_id, price_timestamp, ask_price, bid_price, trade_volume, ticker_id) values (228, '18:04', '$508.05', '$632.09', 633238808, 'CTRV');
insert into moving_price (timeprice_id, price_timestamp, ask_price, bid_price, trade_volume, ticker_id) values (229, '14:00', '$514.75', '$38.72', 452177018, 'QPACU');
insert into moving_price (timeprice_id, price_timestamp, ask_price, bid_price, trade_volume, ticker_id) values (230, '4:16', '$287.44', '$437.73', 185482568, 'LUV');
insert into moving_price (timeprice_id, price_timestamp, ask_price, bid_price, trade_volume, ticker_id) values (231, '15:00', '$873.74', '$634.17', 862927371, 'MFCB');
insert into moving_price (timeprice_id, price_timestamp, ask_price, bid_price, trade_volume, ticker_id) values (232, '17:53', '$792.46', '$839.68', 790934893, 'BAC.WS.B');
insert into moving_price (timeprice_id, price_timestamp, ask_price, bid_price, trade_volume, ticker_id) values (233, '21:31', '$786.99', '$688.18', 905269693, 'DRQ');
insert into moving_price (timeprice_id, price_timestamp, ask_price, bid_price, trade_volume, ticker_id) values (234, '12:02', '$650.83', '$122.26', 436168354, 'RSO');
insert into moving_price (timeprice_id, price_timestamp, ask_price, bid_price, trade_volume, ticker_id) values (235, '8:03', '$481.20', '$226.00', 554684636, 'MVCB');
insert into moving_price (timeprice_id, price_timestamp, ask_price, bid_price, trade_volume, ticker_id) values (236, '15:06', '$667.93', '$834.31', 609111416, 'QCLN');
insert into moving_price (timeprice_id, price_timestamp, ask_price, bid_price, trade_volume, ticker_id) values (237, '14:19', '$382.42', '$594.46', 766748011, 'CALI');
insert into moving_price (timeprice_id, price_timestamp, ask_price, bid_price, trade_volume, ticker_id) values (238, '21:33', '$178.96', '$73.49', 762900331, 'HGV');
insert into moving_price (timeprice_id, price_timestamp, ask_price, bid_price, trade_volume, ticker_id) values (239, '22:07', '$223.88', '$781.97', 487631104, 'DEPO');
insert into moving_price (timeprice_id, price_timestamp, ask_price, bid_price, trade_volume, ticker_id) values (240, '21:55', '$319.57', '$780.77', 822276323, 'CUNB');
insert into moving_price (timeprice_id, price_timestamp, ask_price, bid_price, trade_volume, ticker_id) values (241, '7:25', '$508.05', '$882.89', 90441189, 'TEX');
insert into moving_price (timeprice_id, price_timestamp, ask_price, bid_price, trade_volume, ticker_id) values (242, '0:15', '$97.66', '$601.13', 54285094, 'ECCA');
insert into moving_price (timeprice_id, price_timestamp, ask_price, bid_price, trade_volume, ticker_id) values (243, '19:39', '$229.85', '$29.09', 398716240, 'NM^H');
insert into moving_price (timeprice_id, price_timestamp, ask_price, bid_price, trade_volume, ticker_id) values (244, '18:07', '$760.96', '$54.86', 293469529, 'NGHC');
insert into moving_price (timeprice_id, price_timestamp, ask_price, bid_price, trade_volume, ticker_id) values (245, '5:23', '$781.00', '$66.36', 619396456, 'SGMA');
insert into moving_price (timeprice_id, price_timestamp, ask_price, bid_price, trade_volume, ticker_id) values (246, '16:57', '$414.41', '$725.60', 804987818, 'HE^U');
insert into moving_price (timeprice_id, price_timestamp, ask_price, bid_price, trade_volume, ticker_id) values (247, '10:56', '$714.54', '$297.33', 147613963, 'IPG');
insert into moving_price (timeprice_id, price_timestamp, ask_price, bid_price, trade_volume, ticker_id) values (248, '6:58', '$585.68', '$695.84', 289840487, 'DDD');
insert into moving_price (timeprice_id, price_timestamp, ask_price, bid_price, trade_volume, ticker_id) values (249, '0:10', '$263.57', '$60.13', 805013794, 'SHLM');
insert into moving_price (timeprice_id, price_timestamp, ask_price, bid_price, trade_volume, ticker_id) values (250, '13:54', '$942.49', '$383.35', 964473937, 'WEB');
insert into moving_price (timeprice_id, price_timestamp, ask_price, bid_price, trade_volume, ticker_id) values (251, '16:26', '$448.69', '$707.21', 487290683, 'FOGO');
insert into moving_price (timeprice_id, price_timestamp, ask_price, bid_price, trade_volume, ticker_id) values (252, '20:21', '$546.84', '$564.54', 568918996, 'HEES');
insert into moving_price (timeprice_id, price_timestamp, ask_price, bid_price, trade_volume, ticker_id) values (253, '16:13', '$704.60', '$941.57', 140028316, 'HYLS');
insert into moving_price (timeprice_id, price_timestamp, ask_price, bid_price, trade_volume, ticker_id) values (254, '10:22', '$517.14', '$531.80', 820756686, 'HCC');
insert into moving_price (timeprice_id, price_timestamp, ask_price, bid_price, trade_volume, ticker_id) values (255, '15:17', '$117.41', '$936.94', 443829243, 'FMSA');
insert into moving_price (timeprice_id, price_timestamp, ask_price, bid_price, trade_volume, ticker_id) values (256, '7:37', '$561.97', '$285.66', 435318187, 'LHCG');
insert into moving_price (timeprice_id, price_timestamp, ask_price, bid_price, trade_volume, ticker_id) values (257, '12:22', '$421.16', '$235.94', 387739902, 'CTAS');
insert into moving_price (timeprice_id, price_timestamp, ask_price, bid_price, trade_volume, ticker_id) values (258, '17:44', '$221.80', '$469.70', 993377495, 'GSHTU');
insert into moving_price (timeprice_id, price_timestamp, ask_price, bid_price, trade_volume, ticker_id) values (259, '19:08', '$933.72', '$271.54', 24615423, 'SIFY');
insert into moving_price (timeprice_id, price_timestamp, ask_price, bid_price, trade_volume, ticker_id) values (260, '20:35', '$459.07', '$349.40', 228777216, 'PNFP');
insert into moving_price (timeprice_id, price_timestamp, ask_price, bid_price, trade_volume, ticker_id) values (261, '16:17', '$630.46', '$557.79', 181273931, 'FTEK');
insert into moving_price (timeprice_id, price_timestamp, ask_price, bid_price, trade_volume, ticker_id) values (262, '20:05', '$838.64', '$897.60', 579697525, 'NM^H');
insert into moving_price (timeprice_id, price_timestamp, ask_price, bid_price, trade_volume, ticker_id) values (263, '16:52', '$581.93', '$188.80', 297985557, 'ICL');
insert into moving_price (timeprice_id, price_timestamp, ask_price, bid_price, trade_volume, ticker_id) values (264, '23:43', '$35.97', '$214.31', 726051232, 'DAN');
insert into moving_price (timeprice_id, price_timestamp, ask_price, bid_price, trade_volume, ticker_id) values (265, '7:26', '$825.07', '$182.18', 109376311, 'OBSV');
insert into moving_price (timeprice_id, price_timestamp, ask_price, bid_price, trade_volume, ticker_id) values (266, '22:21', '$200.69', '$374.88', 361042332, 'BAP');
insert into moving_price (timeprice_id, price_timestamp, ask_price, bid_price, trade_volume, ticker_id) values (267, '17:13', '$183.47', '$591.94', 637766174, 'MDGL');
insert into moving_price (timeprice_id, price_timestamp, ask_price, bid_price, trade_volume, ticker_id) values (268, '5:39', '$158.13', '$478.15', 366779748, 'CIVBP');
insert into moving_price (timeprice_id, price_timestamp, ask_price, bid_price, trade_volume, ticker_id) values (269, '10:05', '$925.80', '$109.62', 673472309, 'CUNB');
insert into moving_price (timeprice_id, price_timestamp, ask_price, bid_price, trade_volume, ticker_id) values (270, '3:55', '$521.94', '$649.83', 855011999, 'FSV');
insert into moving_price (timeprice_id, price_timestamp, ask_price, bid_price, trade_volume, ticker_id) values (271, '13:54', '$86.25', '$745.37', 558812989, 'GTS');
insert into moving_price (timeprice_id, price_timestamp, ask_price, bid_price, trade_volume, ticker_id) values (272, '22:18', '$379.78', '$968.13', 37411133, 'QCLN');
insert into moving_price (timeprice_id, price_timestamp, ask_price, bid_price, trade_volume, ticker_id) values (273, '15:33', '$366.62', '$808.95', 917813717, 'FOANC');
insert into moving_price (timeprice_id, price_timestamp, ask_price, bid_price, trade_volume, ticker_id) values (274, '19:28', '$462.29', '$481.61', 572531266, 'NWY');
insert into moving_price (timeprice_id, price_timestamp, ask_price, bid_price, trade_volume, ticker_id) values (275, '9:21', '$201.51', '$173.91', 113186920, 'GSHTU');
insert into moving_price (timeprice_id, price_timestamp, ask_price, bid_price, trade_volume, ticker_id) values (276, '5:40', '$694.42', '$518.73', 128615438, 'RVT');
insert into moving_price (timeprice_id, price_timestamp, ask_price, bid_price, trade_volume, ticker_id) values (277, '14:27', '$924.07', '$38.84', 467623360, 'VTA');
insert into moving_price (timeprice_id, price_timestamp, ask_price, bid_price, trade_volume, ticker_id) values (278, '12:36', '$580.24', '$387.22', 961995303, 'CHKP');
insert into moving_price (timeprice_id, price_timestamp, ask_price, bid_price, trade_volume, ticker_id) values (279, '15:11', '$168.25', '$822.52', 880953232, 'AEUA');
insert into moving_price (timeprice_id, price_timestamp, ask_price, bid_price, trade_volume, ticker_id) values (280, '0:41', '$672.66', '$165.75', 634006004, 'GXP^B');
insert into moving_price (timeprice_id, price_timestamp, ask_price, bid_price, trade_volume, ticker_id) values (281, '0:40', '$492.10', '$48.66', 625919396, 'FCCY');
insert into moving_price (timeprice_id, price_timestamp, ask_price, bid_price, trade_volume, ticker_id) values (282, '2:44', '$371.15', '$857.24', 895284666, 'KAR');
insert into moving_price (timeprice_id, price_timestamp, ask_price, bid_price, trade_volume, ticker_id) values (283, '9:30', '$637.23', '$591.70', 254721118, 'BAC');
insert into moving_price (timeprice_id, price_timestamp, ask_price, bid_price, trade_volume, ticker_id) values (284, '5:18', '$151.94', '$63.02', 540473463, 'KMI^A');
insert into moving_price (timeprice_id, price_timestamp, ask_price, bid_price, trade_volume, ticker_id) values (285, '6:14', '$646.00', '$172.49', 827260863, 'MDIV');
insert into moving_price (timeprice_id, price_timestamp, ask_price, bid_price, trade_volume, ticker_id) values (286, '4:10', '$827.01', '$840.85', 569796280, 'WETF');
insert into moving_price (timeprice_id, price_timestamp, ask_price, bid_price, trade_volume, ticker_id) values (287, '8:06', '$845.11', '$49.67', 109560376, 'ANET');
insert into moving_price (timeprice_id, price_timestamp, ask_price, bid_price, trade_volume, ticker_id) values (288, '14:11', '$411.53', '$362.33', 331181925, 'FMSA');
insert into moving_price (timeprice_id, price_timestamp, ask_price, bid_price, trade_volume, ticker_id) values (289, '3:36', '$535.70', '$279.19', 382681386, 'SRG');
insert into moving_price (timeprice_id, price_timestamp, ask_price, bid_price, trade_volume, ticker_id) values (290, '12:37', '$599.02', '$150.64', 816001394, 'HYLS');
insert into moving_price (timeprice_id, price_timestamp, ask_price, bid_price, trade_volume, ticker_id) values (291, '19:34', '$879.71', '$625.11', 466056011, 'QLC');
insert into moving_price (timeprice_id, price_timestamp, ask_price, bid_price, trade_volume, ticker_id) values (292, '7:11', '$723.48', '$144.38', 382911212, 'BKH');
insert into moving_price (timeprice_id, price_timestamp, ask_price, bid_price, trade_volume, ticker_id) values (293, '13:10', '$258.98', '$735.19', 447947096, 'IDXG');
insert into moving_price (timeprice_id, price_timestamp, ask_price, bid_price, trade_volume, ticker_id) values (294, '3:56', '$41.73', '$450.49', 585221912, 'LUV');
insert into moving_price (timeprice_id, price_timestamp, ask_price, bid_price, trade_volume, ticker_id) values (295, '3:21', '$354.55', '$303.67', 548090449, 'MHNC');
insert into moving_price (timeprice_id, price_timestamp, ask_price, bid_price, trade_volume, ticker_id) values (296, '6:26', '$233.31', '$635.15', 741540297, 'NYMT');
insert into moving_price (timeprice_id, price_timestamp, ask_price, bid_price, trade_volume, ticker_id) values (297, '10:43', '$250.88', '$212.46', 982408331, 'NTRSP');
insert into moving_price (timeprice_id, price_timestamp, ask_price, bid_price, trade_volume, ticker_id) values (298, '4:44', '$941.12', '$418.36', 209502753, 'NWS');
insert into moving_price (timeprice_id, price_timestamp, ask_price, bid_price, trade_volume, ticker_id) values (299, '20:02', '$298.25', '$934.66', 929709358, 'FOR');
insert into moving_price (timeprice_id, price_timestamp, ask_price, bid_price, trade_volume, ticker_id) values (300, '23:06', '$574.94', '$650.26', 835169487, 'EYEGW');
insert into moving_price (timeprice_id, price_timestamp, ask_price, bid_price, trade_volume, ticker_id) values (301, '11:56', '$264.54', '$15.48', 765927340, 'BR');
insert into moving_price (timeprice_id, price_timestamp, ask_price, bid_price, trade_volume, ticker_id) values (302, '11:56', '$796.38', '$796.64', 39622740, 'ISTR');
insert into moving_price (timeprice_id, price_timestamp, ask_price, bid_price, trade_volume, ticker_id) values (303, '16:35', '$369.69', '$364.52', 574241195, 'ECCA');
insert into moving_price (timeprice_id, price_timestamp, ask_price, bid_price, trade_volume, ticker_id) values (304, '23:51', '$756.76', '$20.75', 517728141, 'FRC^H');
insert into moving_price (timeprice_id, price_timestamp, ask_price, bid_price, trade_volume, ticker_id) values (305, '21:05', '$638.22', '$0.35', 866585940, 'DWIN');
insert into moving_price (timeprice_id, price_timestamp, ask_price, bid_price, trade_volume, ticker_id) values (306, '7:31', '$615.62', '$790.58', 946059496, 'TSEM');
insert into moving_price (timeprice_id, price_timestamp, ask_price, bid_price, trade_volume, ticker_id) values (307, '14:59', '$327.77', '$347.19', 504979746, 'ESES');
insert into moving_price (timeprice_id, price_timestamp, ask_price, bid_price, trade_volume, ticker_id) values (308, '17:51', '$225.61', '$489.69', 716211673, 'CIVI');
insert into moving_price (timeprice_id, price_timestamp, ask_price, bid_price, trade_volume, ticker_id) values (309, '11:10', '$557.86', '$487.42', 165241969, 'FCCY');
insert into moving_price (timeprice_id, price_timestamp, ask_price, bid_price, trade_volume, ticker_id) values (310, '1:59', '$910.87', '$756.39', 866962728, 'MTN');
insert into moving_price (timeprice_id, price_timestamp, ask_price, bid_price, trade_volume, ticker_id) values (311, '18:53', '$925.94', '$315.46', 504592768, 'SIFY');
insert into moving_price (timeprice_id, price_timestamp, ask_price, bid_price, trade_volume, ticker_id) values (312, '10:53', '$625.07', '$37.32', 182201012, 'GSHTU');
insert into moving_price (timeprice_id, price_timestamp, ask_price, bid_price, trade_volume, ticker_id) values (313, '4:27', '$765.58', '$868.64', 366489180, 'MHNC');
insert into moving_price (timeprice_id, price_timestamp, ask_price, bid_price, trade_volume, ticker_id) values (314, '13:05', '$443.83', '$447.16', 30123620, 'RHI');
insert into moving_price (timeprice_id, price_timestamp, ask_price, bid_price, trade_volume, ticker_id) values (315, '11:04', '$773.44', '$956.81', 778544284, 'IMDZ');
insert into moving_price (timeprice_id, price_timestamp, ask_price, bid_price, trade_volume, ticker_id) values (316, '19:59', '$715.01', '$888.26', 704420942, 'LUV');
insert into moving_price (timeprice_id, price_timestamp, ask_price, bid_price, trade_volume, ticker_id) values (317, '21:33', '$402.96', '$978.55', 773892152, 'ATRC');
insert into moving_price (timeprice_id, price_timestamp, ask_price, bid_price, trade_volume, ticker_id) values (318, '6:25', '$36.99', '$869.58', 136312482, 'ABR^C');
insert into moving_price (timeprice_id, price_timestamp, ask_price, bid_price, trade_volume, ticker_id) values (319, '8:51', '$132.94', '$495.22', 200260225, 'SQ');
insert into moving_price (timeprice_id, price_timestamp, ask_price, bid_price, trade_volume, ticker_id) values (320, '19:09', '$77.25', '$705.43', 152464472, 'TUTI');
insert into moving_price (timeprice_id, price_timestamp, ask_price, bid_price, trade_volume, ticker_id) values (321, '18:10', '$618.98', '$776.09', 152409107, 'VRTS');
insert into moving_price (timeprice_id, price_timestamp, ask_price, bid_price, trade_volume, ticker_id) values (322, '4:42', '$101.35', '$787.83', 751140748, 'VTA');
insert into moving_price (timeprice_id, price_timestamp, ask_price, bid_price, trade_volume, ticker_id) values (323, '15:21', '$998.62', '$393.77', 418546801, 'EEQ');
insert into moving_price (timeprice_id, price_timestamp, ask_price, bid_price, trade_volume, ticker_id) values (324, '4:42', '$158.54', '$984.60', 212468487, 'GOVNI');
insert into moving_price (timeprice_id, price_timestamp, ask_price, bid_price, trade_volume, ticker_id) values (325, '18:01', '$898.41', '$210.05', 715045035, 'QCLN');
insert into moving_price (timeprice_id, price_timestamp, ask_price, bid_price, trade_volume, ticker_id) values (326, '5:24', '$285.41', '$501.66', 284293561, 'FTS');
insert into moving_price (timeprice_id, price_timestamp, ask_price, bid_price, trade_volume, ticker_id) values (327, '16:23', '$640.72', '$266.17', 934746985, 'WEB');
insert into moving_price (timeprice_id, price_timestamp, ask_price, bid_price, trade_volume, ticker_id) values (328, '22:47', '$311.16', '$574.75', 404829685, 'QLC');
insert into moving_price (timeprice_id, price_timestamp, ask_price, bid_price, trade_volume, ticker_id) values (329, '23:52', '$385.78', '$616.08', 40006842, 'WMIH');
insert into moving_price (timeprice_id, price_timestamp, ask_price, bid_price, trade_volume, ticker_id) values (330, '6:12', '$298.50', '$143.05', 648316232, 'SBS');
insert into moving_price (timeprice_id, price_timestamp, ask_price, bid_price, trade_volume, ticker_id) values (331, '6:07', '$784.58', '$219.81', 330976907, 'IDXG');
insert into moving_price (timeprice_id, price_timestamp, ask_price, bid_price, trade_volume, ticker_id) values (332, '23:06', '$812.86', '$843.80', 736408860, 'ADRA');
insert into moving_price (timeprice_id, price_timestamp, ask_price, bid_price, trade_volume, ticker_id) values (333, '21:57', '$374.80', '$252.79', 546527052, 'ECCA');
insert into moving_price (timeprice_id, price_timestamp, ask_price, bid_price, trade_volume, ticker_id) values (334, '22:45', '$604.55', '$921.95', 64511330, 'SBS');
insert into moving_price (timeprice_id, price_timestamp, ask_price, bid_price, trade_volume, ticker_id) values (335, '16:46', '$89.10', '$58.65', 596050993, 'BAC');
insert into moving_price (timeprice_id, price_timestamp, ask_price, bid_price, trade_volume, ticker_id) values (336, '3:34', '$807.65', '$875.00', 261365441, 'GTS');
insert into moving_price (timeprice_id, price_timestamp, ask_price, bid_price, trade_volume, ticker_id) values (337, '10:05', '$517.69', '$35.39', 89537256, 'ISBC');
insert into moving_price (timeprice_id, price_timestamp, ask_price, bid_price, trade_volume, ticker_id) values (338, '23:48', '$739.44', '$21.90', 369556558, 'MLR');
insert into moving_price (timeprice_id, price_timestamp, ask_price, bid_price, trade_volume, ticker_id) values (339, '17:07', '$422.61', '$775.71', 316800569, 'WEB');
insert into moving_price (timeprice_id, price_timestamp, ask_price, bid_price, trade_volume, ticker_id) values (340, '9:30', '$403.58', '$433.61', 291791047, 'HYND');
insert into moving_price (timeprice_id, price_timestamp, ask_price, bid_price, trade_volume, ticker_id) values (341, '8:08', '$10.93', '$278.76', 17420697, 'SQ');
insert into moving_price (timeprice_id, price_timestamp, ask_price, bid_price, trade_volume, ticker_id) values (342, '2:17', '$663.17', '$316.16', 947668515, 'EFC');
insert into moving_price (timeprice_id, price_timestamp, ask_price, bid_price, trade_volume, ticker_id) values (343, '18:31', '$828.66', '$749.34', 989458609, 'BAC');
insert into moving_price (timeprice_id, price_timestamp, ask_price, bid_price, trade_volume, ticker_id) values (344, '0:25', '$920.64', '$189.08', 20016127, 'OFED');
insert into moving_price (timeprice_id, price_timestamp, ask_price, bid_price, trade_volume, ticker_id) values (345, '0:51', '$468.83', '$752.96', 653293283, 'ATAX');
insert into moving_price (timeprice_id, price_timestamp, ask_price, bid_price, trade_volume, ticker_id) values (346, '12:30', '$902.83', '$146.77', 681243647, 'LEXEA');
insert into moving_price (timeprice_id, price_timestamp, ask_price, bid_price, trade_volume, ticker_id) values (347, '21:47', '$250.59', '$161.75', 41426385, 'GGM');
insert into moving_price (timeprice_id, price_timestamp, ask_price, bid_price, trade_volume, ticker_id) values (348, '8:16', '$729.10', '$676.98', 633185758, 'RCKY');
insert into moving_price (timeprice_id, price_timestamp, ask_price, bid_price, trade_volume, ticker_id) values (349, '14:11', '$267.15', '$87.86', 728000449, 'GSHTU');
insert into moving_price (timeprice_id, price_timestamp, ask_price, bid_price, trade_volume, ticker_id) values (350, '10:00', '$805.89', '$829.98', 741074540, 'SPE^B');
insert into moving_price (timeprice_id, price_timestamp, ask_price, bid_price, trade_volume, ticker_id) values (351, '15:59', '$913.68', '$334.75', 95517596, 'ADMA');
insert into moving_price (timeprice_id, price_timestamp, ask_price, bid_price, trade_volume, ticker_id) values (352, '7:40', '$788.26', '$842.49', 791312293, 'NTRSP');
insert into moving_price (timeprice_id, price_timestamp, ask_price, bid_price, trade_volume, ticker_id) values (353, '15:47', '$97.83', '$400.83', 237984814, 'AAAP');
insert into moving_price (timeprice_id, price_timestamp, ask_price, bid_price, trade_volume, ticker_id) values (354, '21:04', '$776.68', '$380.99', 261650264, 'MHNC');
insert into moving_price (timeprice_id, price_timestamp, ask_price, bid_price, trade_volume, ticker_id) values (355, '6:42', '$206.09', '$3.75', 433336609, 'EEQ');
insert into moving_price (timeprice_id, price_timestamp, ask_price, bid_price, trade_volume, ticker_id) values (356, '13:32', '$540.00', '$195.83', 883681239, 'HTF');
insert into moving_price (timeprice_id, price_timestamp, ask_price, bid_price, trade_volume, ticker_id) values (357, '20:40', '$354.69', '$722.33', 381820949, 'TS');
insert into moving_price (timeprice_id, price_timestamp, ask_price, bid_price, trade_volume, ticker_id) values (358, '12:24', '$613.73', '$142.25', 369935422, 'WETF');
insert into moving_price (timeprice_id, price_timestamp, ask_price, bid_price, trade_volume, ticker_id) values (359, '12:59', '$343.47', '$969.60', 897900933, 'FRC^H');
insert into moving_price (timeprice_id, price_timestamp, ask_price, bid_price, trade_volume, ticker_id) values (360, '10:56', '$368.05', '$655.53', 447495733, 'HTF');
insert into moving_price (timeprice_id, price_timestamp, ask_price, bid_price, trade_volume, ticker_id) values (361, '13:56', '$884.19', '$936.11', 427667503, 'TY');
insert into moving_price (timeprice_id, price_timestamp, ask_price, bid_price, trade_volume, ticker_id) values (362, '16:17', '$96.56', '$707.94', 295311617, 'ABR^C');
insert into moving_price (timeprice_id, price_timestamp, ask_price, bid_price, trade_volume, ticker_id) values (363, '3:01', '$564.09', '$192.65', 819356295, 'CODI');
insert into moving_price (timeprice_id, price_timestamp, ask_price, bid_price, trade_volume, ticker_id) values (364, '19:37', '$161.78', '$971.60', 464015863, 'FAD');
insert into moving_price (timeprice_id, price_timestamp, ask_price, bid_price, trade_volume, ticker_id) values (365, '7:12', '$67.98', '$333.33', 796186890, 'CBK');
insert into moving_price (timeprice_id, price_timestamp, ask_price, bid_price, trade_volume, ticker_id) values (366, '23:06', '$258.67', '$975.32', 867095795, 'HYLS');
insert into moving_price (timeprice_id, price_timestamp, ask_price, bid_price, trade_volume, ticker_id) values (367, '22:17', '$143.38', '$839.48', 318205913, 'MNTA');
insert into moving_price (timeprice_id, price_timestamp, ask_price, bid_price, trade_volume, ticker_id) values (368, '14:49', '$406.13', '$671.86', 854551517, 'VIVO');
insert into moving_price (timeprice_id, price_timestamp, ask_price, bid_price, trade_volume, ticker_id) values (369, '2:08', '$233.35', '$515.16', 941681547, 'ISBC');
insert into moving_price (timeprice_id, price_timestamp, ask_price, bid_price, trade_volume, ticker_id) values (370, '11:04', '$894.41', '$291.91', 181041570, 'KAR');
insert into moving_price (timeprice_id, price_timestamp, ask_price, bid_price, trade_volume, ticker_id) values (371, '17:44', '$760.57', '$590.18', 990648380, 'RTK');
insert into moving_price (timeprice_id, price_timestamp, ask_price, bid_price, trade_volume, ticker_id) values (372, '6:34', '$153.51', '$235.85', 90678249, 'RTK');
insert into moving_price (timeprice_id, price_timestamp, ask_price, bid_price, trade_volume, ticker_id) values (373, '19:26', '$247.02', '$660.21', 586050079, 'LCM');
insert into moving_price (timeprice_id, price_timestamp, ask_price, bid_price, trade_volume, ticker_id) values (374, '1:56', '$562.50', '$923.77', 610634950, 'HEES');
insert into moving_price (timeprice_id, price_timestamp, ask_price, bid_price, trade_volume, ticker_id) values (375, '22:14', '$205.75', '$677.26', 531831136, 'CTRV');
insert into moving_price (timeprice_id, price_timestamp, ask_price, bid_price, trade_volume, ticker_id) values (376, '11:59', '$9.78', '$669.30', 315366667, 'VIVO');
insert into moving_price (timeprice_id, price_timestamp, ask_price, bid_price, trade_volume, ticker_id) values (377, '5:35', '$579.05', '$135.23', 46632040, 'OFIX');
insert into moving_price (timeprice_id, price_timestamp, ask_price, bid_price, trade_volume, ticker_id) values (378, '19:08', '$842.97', '$64.75', 966776518, 'MHNC');
insert into moving_price (timeprice_id, price_timestamp, ask_price, bid_price, trade_volume, ticker_id) values (379, '12:24', '$360.87', '$456.48', 233712288, 'GTS');
insert into moving_price (timeprice_id, price_timestamp, ask_price, bid_price, trade_volume, ticker_id) values (380, '8:08', '$391.66', '$505.24', 407548790, 'GTS');
insert into moving_price (timeprice_id, price_timestamp, ask_price, bid_price, trade_volume, ticker_id) values (381, '15:20', '$700.95', '$395.10', 75808080, 'TPX');
insert into moving_price (timeprice_id, price_timestamp, ask_price, bid_price, trade_volume, ticker_id) values (382, '3:01', '$791.06', '$450.93', 526015605, 'ADMA');
insert into moving_price (timeprice_id, price_timestamp, ask_price, bid_price, trade_volume, ticker_id) values (383, '4:28', '$648.00', '$940.25', 205308398, 'GAB^G');
insert into moving_price (timeprice_id, price_timestamp, ask_price, bid_price, trade_volume, ticker_id) values (384, '9:32', '$444.87', '$527.85', 530542322, 'SGMA');
insert into moving_price (timeprice_id, price_timestamp, ask_price, bid_price, trade_volume, ticker_id) values (385, '12:00', '$902.70', '$24.02', 275024131, 'DEPO');
insert into moving_price (timeprice_id, price_timestamp, ask_price, bid_price, trade_volume, ticker_id) values (386, '3:08', '$166.43', '$736.09', 88877544, 'BLRX');
insert into moving_price (timeprice_id, price_timestamp, ask_price, bid_price, trade_volume, ticker_id) values (387, '17:27', '$343.96', '$368.84', 159040219, 'VVV');
insert into moving_price (timeprice_id, price_timestamp, ask_price, bid_price, trade_volume, ticker_id) values (388, '21:16', '$278.91', '$383.78', 202657874, 'QPACU');
insert into moving_price (timeprice_id, price_timestamp, ask_price, bid_price, trade_volume, ticker_id) values (389, '11:14', '$838.24', '$422.78', 568302337, 'DRQ');
insert into moving_price (timeprice_id, price_timestamp, ask_price, bid_price, trade_volume, ticker_id) values (390, '18:21', '$372.25', '$243.83', 878343792, 'FOGO');
insert into moving_price (timeprice_id, price_timestamp, ask_price, bid_price, trade_volume, ticker_id) values (391, '8:12', '$679.41', '$155.97', 991259735, 'SRE');
insert into moving_price (timeprice_id, price_timestamp, ask_price, bid_price, trade_volume, ticker_id) values (392, '15:22', '$849.63', '$50.88', 222128776, 'IDXG');
insert into moving_price (timeprice_id, price_timestamp, ask_price, bid_price, trade_volume, ticker_id) values (393, '18:42', '$423.95', '$133.46', 235826158, 'AJXA');
insert into moving_price (timeprice_id, price_timestamp, ask_price, bid_price, trade_volume, ticker_id) values (394, '15:39', '$993.97', '$446.71', 607358269, 'VRTS');
insert into moving_price (timeprice_id, price_timestamp, ask_price, bid_price, trade_volume, ticker_id) values (395, '0:53', '$399.91', '$480.36', 245660856, 'MFCB');
insert into moving_price (timeprice_id, price_timestamp, ask_price, bid_price, trade_volume, ticker_id) values (396, '20:18', '$899.79', '$761.34', 37901577, 'ACHC');
insert into moving_price (timeprice_id, price_timestamp, ask_price, bid_price, trade_volume, ticker_id) values (397, '21:53', '$399.09', '$937.62', 723995118, 'VRTS');
insert into moving_price (timeprice_id, price_timestamp, ask_price, bid_price, trade_volume, ticker_id) values (398, '3:19', '$339.26', '$979.97', 705280790, 'AAAP');
insert into moving_price (timeprice_id, price_timestamp, ask_price, bid_price, trade_volume, ticker_id) values (399, '19:26', '$767.80', '$822.66', 498675581, 'PNRG');
insert into moving_price (timeprice_id, price_timestamp, ask_price, bid_price, trade_volume, ticker_id) values (400, '5:21', '$534.30', '$288.54', 815645573, 'HE^U');
insert into moving_price (timeprice_id, price_timestamp, ask_price, bid_price, trade_volume, ticker_id) values (401, '20:18', '$685.60', '$401.31', 807379667, 'EEQ');
insert into moving_price (timeprice_id, price_timestamp, ask_price, bid_price, trade_volume, ticker_id) values (402, '0:34', '$980.14', '$179.42', 839758912, 'BR');
insert into moving_price (timeprice_id, price_timestamp, ask_price, bid_price, trade_volume, ticker_id) values (403, '17:58', '$388.77', '$775.09', 220131360, 'FOGO');
insert into moving_price (timeprice_id, price_timestamp, ask_price, bid_price, trade_volume, ticker_id) values (404, '4:11', '$576.86', '$52.84', 189561816, 'ISTR');
insert into moving_price (timeprice_id, price_timestamp, ask_price, bid_price, trade_volume, ticker_id) values (405, '16:04', '$67.15', '$27.84', 894472002, 'NWY');
insert into moving_price (timeprice_id, price_timestamp, ask_price, bid_price, trade_volume, ticker_id) values (406, '4:22', '$136.81', '$172.69', 569748473, 'UDR');
insert into moving_price (timeprice_id, price_timestamp, ask_price, bid_price, trade_volume, ticker_id) values (407, '19:25', '$107.66', '$903.76', 813747249, 'ESES');
insert into moving_price (timeprice_id, price_timestamp, ask_price, bid_price, trade_volume, ticker_id) values (408, '12:18', '$907.66', '$819.07', 966219357, 'BAP');
insert into moving_price (timeprice_id, price_timestamp, ask_price, bid_price, trade_volume, ticker_id) values (409, '15:09', '$457.34', '$434.28', 179380439, 'VBIV');
insert into moving_price (timeprice_id, price_timestamp, ask_price, bid_price, trade_volume, ticker_id) values (410, '23:29', '$600.30', '$874.32', 479179987, 'PNFP');
insert into moving_price (timeprice_id, price_timestamp, ask_price, bid_price, trade_volume, ticker_id) values (411, '2:54', '$542.59', '$801.16', 851514056, 'RCKY');
insert into moving_price (timeprice_id, price_timestamp, ask_price, bid_price, trade_volume, ticker_id) values (412, '22:36', '$394.87', '$18.20', 151934007, 'RARE');
insert into moving_price (timeprice_id, price_timestamp, ask_price, bid_price, trade_volume, ticker_id) values (413, '23:26', '$766.56', '$87.78', 238087772, 'CHI');
insert into moving_price (timeprice_id, price_timestamp, ask_price, bid_price, trade_volume, ticker_id) values (414, '7:28', '$904.89', '$80.23', 476391700, 'BMLA');
insert into moving_price (timeprice_id, price_timestamp, ask_price, bid_price, trade_volume, ticker_id) values (415, '18:54', '$374.48', '$718.45', 939183554, 'KAR');
insert into moving_price (timeprice_id, price_timestamp, ask_price, bid_price, trade_volume, ticker_id) values (416, '14:47', '$447.69', '$848.65', 529242651, 'CMD');
insert into moving_price (timeprice_id, price_timestamp, ask_price, bid_price, trade_volume, ticker_id) values (417, '4:12', '$666.23', '$797.34', 546527390, 'ISBC');
insert into moving_price (timeprice_id, price_timestamp, ask_price, bid_price, trade_volume, ticker_id) values (418, '18:19', '$432.61', '$72.38', 33695311, 'GGM');
insert into moving_price (timeprice_id, price_timestamp, ask_price, bid_price, trade_volume, ticker_id) values (419, '15:18', '$167.90', '$492.11', 567029697, 'SPKE');
insert into moving_price (timeprice_id, price_timestamp, ask_price, bid_price, trade_volume, ticker_id) values (420, '17:22', '$936.24', '$150.38', 241847338, 'ISBC');
insert into moving_price (timeprice_id, price_timestamp, ask_price, bid_price, trade_volume, ticker_id) values (421, '21:53', '$438.71', '$792.65', 681301063, 'TACT');
insert into moving_price (timeprice_id, price_timestamp, ask_price, bid_price, trade_volume, ticker_id) values (422, '2:35', '$421.76', '$662.04', 701161089, 'RCKY');
insert into moving_price (timeprice_id, price_timestamp, ask_price, bid_price, trade_volume, ticker_id) values (423, '6:44', '$581.32', '$200.88', 957746285, 'FMSA');
insert into moving_price (timeprice_id, price_timestamp, ask_price, bid_price, trade_volume, ticker_id) values (424, '19:30', '$11.41', '$585.95', 668523959, 'ECCA');
insert into moving_price (timeprice_id, price_timestamp, ask_price, bid_price, trade_volume, ticker_id) values (425, '3:35', '$736.23', '$3.23', 180715504, 'ANET');
insert into moving_price (timeprice_id, price_timestamp, ask_price, bid_price, trade_volume, ticker_id) values (426, '21:09', '$370.16', '$892.97', 142830086, 'BLRX');
insert into moving_price (timeprice_id, price_timestamp, ask_price, bid_price, trade_volume, ticker_id) values (427, '4:32', '$378.13', '$252.34', 668415290, 'SVA');
insert into moving_price (timeprice_id, price_timestamp, ask_price, bid_price, trade_volume, ticker_id) values (428, '21:19', '$426.10', '$239.25', 935857424, 'SVA');
insert into moving_price (timeprice_id, price_timestamp, ask_price, bid_price, trade_volume, ticker_id) values (429, '8:54', '$204.52', '$516.79', 519788735, 'FAD');
insert into moving_price (timeprice_id, price_timestamp, ask_price, bid_price, trade_volume, ticker_id) values (430, '7:44', '$617.38', '$349.87', 320535380, 'VBIV');
insert into moving_price (timeprice_id, price_timestamp, ask_price, bid_price, trade_volume, ticker_id) values (431, '1:22', '$98.80', '$951.92', 246634891, 'ISTR');
insert into moving_price (timeprice_id, price_timestamp, ask_price, bid_price, trade_volume, ticker_id) values (432, '4:22', '$196.25', '$676.04', 63387629, 'PNFP');
insert into moving_price (timeprice_id, price_timestamp, ask_price, bid_price, trade_volume, ticker_id) values (433, '5:47', '$507.98', '$199.35', 125679429, 'NGHC');
insert into moving_price (timeprice_id, price_timestamp, ask_price, bid_price, trade_volume, ticker_id) values (434, '4:16', '$19.93', '$857.84', 174088219, 'WYNN');
insert into moving_price (timeprice_id, price_timestamp, ask_price, bid_price, trade_volume, ticker_id) values (435, '21:52', '$820.76', '$74.03', 140454915, 'EFC');
insert into moving_price (timeprice_id, price_timestamp, ask_price, bid_price, trade_volume, ticker_id) values (436, '1:40', '$47.00', '$385.64', 940051635, 'ISBC');
insert into moving_price (timeprice_id, price_timestamp, ask_price, bid_price, trade_volume, ticker_id) values (437, '16:20', '$491.66', '$190.17', 858086348, 'BMLA');
insert into moving_price (timeprice_id, price_timestamp, ask_price, bid_price, trade_volume, ticker_id) values (438, '19:38', '$253.83', '$648.37', 194128306, 'ACHC');
insert into moving_price (timeprice_id, price_timestamp, ask_price, bid_price, trade_volume, ticker_id) values (439, '23:47', '$674.24', '$408.71', 110468083, 'BAC.WS.B');
insert into moving_price (timeprice_id, price_timestamp, ask_price, bid_price, trade_volume, ticker_id) values (440, '5:25', '$349.95', '$727.82', 554760037, 'EEQ');
insert into moving_price (timeprice_id, price_timestamp, ask_price, bid_price, trade_volume, ticker_id) values (441, '15:00', '$840.94', '$199.46', 77291603, 'FTEK');
insert into moving_price (timeprice_id, price_timestamp, ask_price, bid_price, trade_volume, ticker_id) values (442, '0:38', '$242.76', '$709.10', 732220292, 'NVRO');
insert into moving_price (timeprice_id, price_timestamp, ask_price, bid_price, trade_volume, ticker_id) values (443, '15:15', '$345.39', '$810.67', 887229687, 'CODI');
insert into moving_price (timeprice_id, price_timestamp, ask_price, bid_price, trade_volume, ticker_id) values (444, '4:56', '$956.45', '$858.17', 848706635, 'IDXG');
insert into moving_price (timeprice_id, price_timestamp, ask_price, bid_price, trade_volume, ticker_id) values (445, '10:12', '$441.94', '$638.12', 534387319, 'TSEM');
insert into moving_price (timeprice_id, price_timestamp, ask_price, bid_price, trade_volume, ticker_id) values (446, '10:22', '$309.47', '$935.96', 289206299, 'TPX');
insert into moving_price (timeprice_id, price_timestamp, ask_price, bid_price, trade_volume, ticker_id) values (447, '20:17', '$539.97', '$427.41', 174716150, 'HGV');
insert into moving_price (timeprice_id, price_timestamp, ask_price, bid_price, trade_volume, ticker_id) values (448, '5:48', '$326.70', '$127.15', 985420824, 'FTAI');
insert into moving_price (timeprice_id, price_timestamp, ask_price, bid_price, trade_volume, ticker_id) values (449, '16:03', '$467.05', '$427.54', 382498309, 'BR');
insert into moving_price (timeprice_id, price_timestamp, ask_price, bid_price, trade_volume, ticker_id) values (450, '12:19', '$532.17', '$959.97', 781149691, 'AEUA');
insert into moving_price (timeprice_id, price_timestamp, ask_price, bid_price, trade_volume, ticker_id) values (451, '16:54', '$397.26', '$376.67', 806566914, 'NM^H');
insert into moving_price (timeprice_id, price_timestamp, ask_price, bid_price, trade_volume, ticker_id) values (452, '15:47', '$805.16', '$253.09', 775775793, 'CALI');
insert into moving_price (timeprice_id, price_timestamp, ask_price, bid_price, trade_volume, ticker_id) values (453, '19:08', '$840.15', '$166.30', 983518065, 'LGIH');
insert into moving_price (timeprice_id, price_timestamp, ask_price, bid_price, trade_volume, ticker_id) values (454, '14:01', '$181.95', '$494.68', 931158247, 'TEX');
insert into moving_price (timeprice_id, price_timestamp, ask_price, bid_price, trade_volume, ticker_id) values (455, '16:04', '$19.59', '$665.52', 673398635, 'ANET');
insert into moving_price (timeprice_id, price_timestamp, ask_price, bid_price, trade_volume, ticker_id) values (456, '7:36', '$510.89', '$357.49', 161006765, 'AAAP');
insert into moving_price (timeprice_id, price_timestamp, ask_price, bid_price, trade_volume, ticker_id) values (457, '3:43', '$152.60', '$869.73', 548742256, 'PNRG');
insert into moving_price (timeprice_id, price_timestamp, ask_price, bid_price, trade_volume, ticker_id) values (458, '20:45', '$229.94', '$510.65', 597283934, 'PNFP');
insert into moving_price (timeprice_id, price_timestamp, ask_price, bid_price, trade_volume, ticker_id) values (459, '3:15', '$587.73', '$991.55', 593585232, 'RARE');
insert into moving_price (timeprice_id, price_timestamp, ask_price, bid_price, trade_volume, ticker_id) values (460, '2:28', '$716.00', '$372.31', 125934005, 'SPE^B');
insert into moving_price (timeprice_id, price_timestamp, ask_price, bid_price, trade_volume, ticker_id) values (461, '1:04', '$72.23', '$855.89', 89286890, 'DWIN');
insert into moving_price (timeprice_id, price_timestamp, ask_price, bid_price, trade_volume, ticker_id) values (462, '11:02', '$102.07', '$575.97', 907973706, 'BAC');
insert into moving_price (timeprice_id, price_timestamp, ask_price, bid_price, trade_volume, ticker_id) values (463, '8:47', '$879.66', '$559.32', 902771007, 'MAC');
insert into moving_price (timeprice_id, price_timestamp, ask_price, bid_price, trade_volume, ticker_id) values (464, '7:57', '$553.00', '$929.18', 344700717, 'EXC');
insert into moving_price (timeprice_id, price_timestamp, ask_price, bid_price, trade_volume, ticker_id) values (465, '21:50', '$427.46', '$310.06', 917446511, 'AAAP');
insert into moving_price (timeprice_id, price_timestamp, ask_price, bid_price, trade_volume, ticker_id) values (466, '0:00', '$313.63', '$322.66', 953141718, 'GSHTU');
insert into moving_price (timeprice_id, price_timestamp, ask_price, bid_price, trade_volume, ticker_id) values (467, '3:07', '$234.17', '$243.90', 609026946, 'MDIV');
insert into moving_price (timeprice_id, price_timestamp, ask_price, bid_price, trade_volume, ticker_id) values (468, '16:43', '$914.89', '$335.50', 60301514, 'ACHC');
insert into moving_price (timeprice_id, price_timestamp, ask_price, bid_price, trade_volume, ticker_id) values (469, '11:27', '$813.21', '$226.68', 777183773, 'PNFP');
insert into moving_price (timeprice_id, price_timestamp, ask_price, bid_price, trade_volume, ticker_id) values (470, '2:49', '$319.50', '$777.55', 6730488, 'IPAS');
insert into moving_price (timeprice_id, price_timestamp, ask_price, bid_price, trade_volume, ticker_id) values (471, '5:25', '$38.96', '$944.27', 288909087, 'NVRO');
insert into moving_price (timeprice_id, price_timestamp, ask_price, bid_price, trade_volume, ticker_id) values (472, '17:13', '$445.09', '$72.71', 452017574, 'BMY');
insert into moving_price (timeprice_id, price_timestamp, ask_price, bid_price, trade_volume, ticker_id) values (473, '11:11', '$920.76', '$289.10', 707401265, 'FMSA');
insert into moving_price (timeprice_id, price_timestamp, ask_price, bid_price, trade_volume, ticker_id) values (474, '21:43', '$670.46', '$325.69', 940946844, 'BLRX');
insert into moving_price (timeprice_id, price_timestamp, ask_price, bid_price, trade_volume, ticker_id) values (475, '0:59', '$644.48', '$195.10', 964644494, 'NVRO');
insert into moving_price (timeprice_id, price_timestamp, ask_price, bid_price, trade_volume, ticker_id) values (476, '21:41', '$627.77', '$525.71', 165243660, 'KAR');
insert into moving_price (timeprice_id, price_timestamp, ask_price, bid_price, trade_volume, ticker_id) values (477, '23:10', '$342.38', '$744.71', 853577352, 'UPLD');
insert into moving_price (timeprice_id, price_timestamp, ask_price, bid_price, trade_volume, ticker_id) values (478, '18:05', '$785.86', '$898.24', 419576368, 'ECCA');
insert into moving_price (timeprice_id, price_timestamp, ask_price, bid_price, trade_volume, ticker_id) values (479, '11:18', '$697.60', '$185.40', 667896319, 'HEES');
insert into moving_price (timeprice_id, price_timestamp, ask_price, bid_price, trade_volume, ticker_id) values (480, '2:23', '$713.34', '$360.66', 522659741, 'WYNN');
insert into moving_price (timeprice_id, price_timestamp, ask_price, bid_price, trade_volume, ticker_id) values (481, '4:17', '$458.23', '$728.87', 322149940, 'IRS');
insert into moving_price (timeprice_id, price_timestamp, ask_price, bid_price, trade_volume, ticker_id) values (482, '22:25', '$673.48', '$714.85', 972136518, 'HYLS');
insert into moving_price (timeprice_id, price_timestamp, ask_price, bid_price, trade_volume, ticker_id) values (483, '14:43', '$45.53', '$998.60', 199568334, 'DAN');
insert into moving_price (timeprice_id, price_timestamp, ask_price, bid_price, trade_volume, ticker_id) values (484, '11:51', '$221.38', '$491.91', 712174941, 'FCCY');
insert into moving_price (timeprice_id, price_timestamp, ask_price, bid_price, trade_volume, ticker_id) values (485, '19:42', '$494.93', '$979.88', 956481342, 'SVA');
insert into moving_price (timeprice_id, price_timestamp, ask_price, bid_price, trade_volume, ticker_id) values (486, '12:12', '$772.57', '$544.89', 57562744, 'HEES');
insert into moving_price (timeprice_id, price_timestamp, ask_price, bid_price, trade_volume, ticker_id) values (487, '21:08', '$981.77', '$446.14', 608361662, 'ECCA');
insert into moving_price (timeprice_id, price_timestamp, ask_price, bid_price, trade_volume, ticker_id) values (488, '6:37', '$821.11', '$940.81', 126072241, 'FTAI');
insert into moving_price (timeprice_id, price_timestamp, ask_price, bid_price, trade_volume, ticker_id) values (489, '14:36', '$313.25', '$979.28', 813740085, 'RTK');
insert into moving_price (timeprice_id, price_timestamp, ask_price, bid_price, trade_volume, ticker_id) values (490, '13:29', '$263.70', '$482.86', 757551848, 'TACT');
insert into moving_price (timeprice_id, price_timestamp, ask_price, bid_price, trade_volume, ticker_id) values (491, '10:50', '$706.52', '$115.00', 798958708, 'MRAM');
insert into moving_price (timeprice_id, price_timestamp, ask_price, bid_price, trade_volume, ticker_id) values (492, '1:29', '$825.45', '$688.06', 408507271, 'UPLD');
insert into moving_price (timeprice_id, price_timestamp, ask_price, bid_price, trade_volume, ticker_id) values (493, '13:22', '$634.11', '$707.82', 49055142, 'EXPR');
insert into moving_price (timeprice_id, price_timestamp, ask_price, bid_price, trade_volume, ticker_id) values (494, '11:49', '$485.98', '$448.60', 807623157, 'BAC');
insert into moving_price (timeprice_id, price_timestamp, ask_price, bid_price, trade_volume, ticker_id) values (495, '15:18', '$715.10', '$215.36', 800772813, 'MGRC');
insert into moving_price (timeprice_id, price_timestamp, ask_price, bid_price, trade_volume, ticker_id) values (496, '10:56', '$744.51', '$810.56', 705484891, 'TSEM');
insert into moving_price (timeprice_id, price_timestamp, ask_price, bid_price, trade_volume, ticker_id) values (497, '16:13', '$129.22', '$169.35', 863124811, 'CIVI');
insert into moving_price (timeprice_id, price_timestamp, ask_price, bid_price, trade_volume, ticker_id) values (498, '1:36', '$604.26', '$306.99', 952486714, 'FTEK');
insert into moving_price (timeprice_id, price_timestamp, ask_price, bid_price, trade_volume, ticker_id) values (499, '12:14', '$213.59', '$850.39', 828062187, 'GSHTU');
insert into moving_price (timeprice_id, price_timestamp, ask_price, bid_price, trade_volume, ticker_id) values (500, '9:11', '$814.56', '$385.33', 756637882, 'ISBC');
insert into moving_price (timeprice_id, price_timestamp, ask_price, bid_price, trade_volume, ticker_id) values (501, '3:46', '$368.43', '$328.85', 325184323, 'SGMA');
insert into moving_price (timeprice_id, price_timestamp, ask_price, bid_price, trade_volume, ticker_id) values (502, '1:15', '$198.33', '$129.27', 925131030, 'HAIN');
insert into moving_price (timeprice_id, price_timestamp, ask_price, bid_price, trade_volume, ticker_id) values (503, '8:05', '$125.83', '$5.98', 853094335, 'FTS');
insert into moving_price (timeprice_id, price_timestamp, ask_price, bid_price, trade_volume, ticker_id) values (504, '17:33', '$655.58', '$639.16', 784496869, 'MER^K');
insert into moving_price (timeprice_id, price_timestamp, ask_price, bid_price, trade_volume, ticker_id) values (505, '14:29', '$516.24', '$9.51', 588053442, 'UPLD');
insert into moving_price (timeprice_id, price_timestamp, ask_price, bid_price, trade_volume, ticker_id) values (506, '10:10', '$69.43', '$178.63', 19798344, 'SHIPW');
insert into moving_price (timeprice_id, price_timestamp, ask_price, bid_price, trade_volume, ticker_id) values (507, '17:23', '$313.83', '$672.93', 786593154, 'OBSV');
insert into moving_price (timeprice_id, price_timestamp, ask_price, bid_price, trade_volume, ticker_id) values (508, '1:35', '$5.53', '$152.56', 518178290, 'FAD');
insert into moving_price (timeprice_id, price_timestamp, ask_price, bid_price, trade_volume, ticker_id) values (509, '3:35', '$361.83', '$396.93', 428528318, 'DPG');
insert into moving_price (timeprice_id, price_timestamp, ask_price, bid_price, trade_volume, ticker_id) values (510, '8:31', '$201.68', '$755.38', 123747526, 'WEB');
insert into moving_price (timeprice_id, price_timestamp, ask_price, bid_price, trade_volume, ticker_id) values (511, '8:06', '$335.57', '$664.55', 764333613, 'TSEM');
insert into moving_price (timeprice_id, price_timestamp, ask_price, bid_price, trade_volume, ticker_id) values (512, '23:15', '$559.78', '$848.84', 299353659, 'WETF');
insert into moving_price (timeprice_id, price_timestamp, ask_price, bid_price, trade_volume, ticker_id) values (513, '11:27', '$420.67', '$170.03', 104951571, 'FTAI');
insert into moving_price (timeprice_id, price_timestamp, ask_price, bid_price, trade_volume, ticker_id) values (514, '2:29', '$387.05', '$639.19', 932038384, 'EXC');
insert into moving_price (timeprice_id, price_timestamp, ask_price, bid_price, trade_volume, ticker_id) values (515, '7:08', '$396.80', '$701.23', 406311693, 'MNTA');
insert into moving_price (timeprice_id, price_timestamp, ask_price, bid_price, trade_volume, ticker_id) values (516, '15:23', '$866.38', '$939.09', 93575046, 'ICL');
insert into moving_price (timeprice_id, price_timestamp, ask_price, bid_price, trade_volume, ticker_id) values (517, '12:32', '$245.18', '$395.60', 343899921, 'SPE^B');
insert into moving_price (timeprice_id, price_timestamp, ask_price, bid_price, trade_volume, ticker_id) values (518, '11:47', '$258.03', '$43.46', 537303865, 'TY');
insert into moving_price (timeprice_id, price_timestamp, ask_price, bid_price, trade_volume, ticker_id) values (519, '17:08', '$996.17', '$390.87', 729867288, 'WMIH');
insert into moving_price (timeprice_id, price_timestamp, ask_price, bid_price, trade_volume, ticker_id) values (520, '10:45', '$915.56', '$15.51', 915222945, 'FFBCW');
insert into moving_price (timeprice_id, price_timestamp, ask_price, bid_price, trade_volume, ticker_id) values (521, '10:25', '$526.51', '$190.65', 797619293, 'VTR');
insert into moving_price (timeprice_id, price_timestamp, ask_price, bid_price, trade_volume, ticker_id) values (522, '1:27', '$993.41', '$887.52', 723001310, 'DDD');
insert into moving_price (timeprice_id, price_timestamp, ask_price, bid_price, trade_volume, ticker_id) values (523, '8:30', '$698.57', '$918.79', 799485639, 'HE^U');
insert into moving_price (timeprice_id, price_timestamp, ask_price, bid_price, trade_volume, ticker_id) values (524, '1:02', '$252.34', '$828.44', 227768311, 'EXPR');
insert into moving_price (timeprice_id, price_timestamp, ask_price, bid_price, trade_volume, ticker_id) values (525, '11:16', '$545.36', '$546.03', 173121889, 'MDIV');
insert into moving_price (timeprice_id, price_timestamp, ask_price, bid_price, trade_volume, ticker_id) values (526, '22:00', '$167.91', '$340.93', 947004120, 'NYMT');
insert into moving_price (timeprice_id, price_timestamp, ask_price, bid_price, trade_volume, ticker_id) values (527, '18:23', '$646.83', '$969.31', 955322852, 'TUTI');
insert into moving_price (timeprice_id, price_timestamp, ask_price, bid_price, trade_volume, ticker_id) values (528, '16:42', '$452.89', '$409.39', 295944401, 'WEB');
insert into moving_price (timeprice_id, price_timestamp, ask_price, bid_price, trade_volume, ticker_id) values (529, '9:08', '$438.64', '$249.75', 684896983, 'VIVO');
insert into moving_price (timeprice_id, price_timestamp, ask_price, bid_price, trade_volume, ticker_id) values (530, '9:16', '$873.15', '$658.13', 198413104, 'FOGO');
insert into moving_price (timeprice_id, price_timestamp, ask_price, bid_price, trade_volume, ticker_id) values (531, '21:22', '$71.73', '$469.42', 412769421, 'BMY');
insert into moving_price (timeprice_id, price_timestamp, ask_price, bid_price, trade_volume, ticker_id) values (532, '1:00', '$261.29', '$420.55', 636515670, 'ODP');
insert into moving_price (timeprice_id, price_timestamp, ask_price, bid_price, trade_volume, ticker_id) values (533, '17:09', '$59.85', '$928.97', 467652591, 'AAAP');
insert into moving_price (timeprice_id, price_timestamp, ask_price, bid_price, trade_volume, ticker_id) values (534, '11:47', '$321.25', '$618.00', 73872567, 'UDR');
insert into moving_price (timeprice_id, price_timestamp, ask_price, bid_price, trade_volume, ticker_id) values (535, '13:52', '$420.89', '$682.41', 234920913, 'RCKY');
insert into moving_price (timeprice_id, price_timestamp, ask_price, bid_price, trade_volume, ticker_id) values (536, '12:49', '$228.15', '$656.77', 752784578, 'HCC');
insert into moving_price (timeprice_id, price_timestamp, ask_price, bid_price, trade_volume, ticker_id) values (537, '21:50', '$623.18', '$434.24', 784691997, 'GLOG^A');
insert into moving_price (timeprice_id, price_timestamp, ask_price, bid_price, trade_volume, ticker_id) values (538, '14:51', '$259.18', '$825.63', 356520458, 'DYSL');
insert into moving_price (timeprice_id, price_timestamp, ask_price, bid_price, trade_volume, ticker_id) values (539, '18:38', '$366.67', '$13.78', 820827314, 'FORTY');
insert into moving_price (timeprice_id, price_timestamp, ask_price, bid_price, trade_volume, ticker_id) values (540, '18:50', '$132.57', '$773.15', 211329245, 'TOL');
insert into moving_price (timeprice_id, price_timestamp, ask_price, bid_price, trade_volume, ticker_id) values (541, '16:52', '$22.24', '$786.70', 521064192, 'MNR^C');
insert into moving_price (timeprice_id, price_timestamp, ask_price, bid_price, trade_volume, ticker_id) values (542, '12:35', '$438.69', '$137.13', 969748158, 'HGV');
insert into moving_price (timeprice_id, price_timestamp, ask_price, bid_price, trade_volume, ticker_id) values (543, '13:45', '$702.59', '$486.87', 394761395, 'HTF');
insert into moving_price (timeprice_id, price_timestamp, ask_price, bid_price, trade_volume, ticker_id) values (544, '7:42', '$946.64', '$701.33', 826785322, 'NVRO');
insert into moving_price (timeprice_id, price_timestamp, ask_price, bid_price, trade_volume, ticker_id) values (545, '20:24', '$554.91', '$797.12', 369331395, 'SGMA');
insert into moving_price (timeprice_id, price_timestamp, ask_price, bid_price, trade_volume, ticker_id) values (546, '19:49', '$218.01', '$283.65', 788730255, 'BAP');
insert into moving_price (timeprice_id, price_timestamp, ask_price, bid_price, trade_volume, ticker_id) values (547, '4:06', '$324.14', '$96.91', 293747177, 'IBKR');
insert into moving_price (timeprice_id, price_timestamp, ask_price, bid_price, trade_volume, ticker_id) values (548, '13:04', '$529.72', '$248.14', 232790083, 'HYND');
insert into moving_price (timeprice_id, price_timestamp, ask_price, bid_price, trade_volume, ticker_id) values (549, '1:07', '$211.93', '$913.37', 331035206, 'CVNA');
insert into moving_price (timeprice_id, price_timestamp, ask_price, bid_price, trade_volume, ticker_id) values (550, '9:51', '$21.66', '$977.83', 159502932, 'VIVO');
insert into moving_price (timeprice_id, price_timestamp, ask_price, bid_price, trade_volume, ticker_id) values (551, '23:57', '$958.07', '$792.02', 757223817, 'GGM');
insert into moving_price (timeprice_id, price_timestamp, ask_price, bid_price, trade_volume, ticker_id) values (552, '7:02', '$802.82', '$145.07', 371353882, 'DDD');
insert into moving_price (timeprice_id, price_timestamp, ask_price, bid_price, trade_volume, ticker_id) values (553, '11:50', '$3.38', '$452.05', 856625431, 'PX');
insert into moving_price (timeprice_id, price_timestamp, ask_price, bid_price, trade_volume, ticker_id) values (554, '10:08', '$901.94', '$967.09', 422791480, 'SVA');
insert into moving_price (timeprice_id, price_timestamp, ask_price, bid_price, trade_volume, ticker_id) values (555, '3:56', '$342.56', '$83.94', 795361248, 'HGV');
insert into moving_price (timeprice_id, price_timestamp, ask_price, bid_price, trade_volume, ticker_id) values (556, '21:57', '$192.13', '$512.93', 102724929, 'MDIV');
insert into moving_price (timeprice_id, price_timestamp, ask_price, bid_price, trade_volume, ticker_id) values (557, '2:21', '$477.64', '$542.58', 717049749, 'MFCB');
insert into moving_price (timeprice_id, price_timestamp, ask_price, bid_price, trade_volume, ticker_id) values (558, '22:55', '$456.90', '$847.23', 349856121, 'AAAP');
insert into moving_price (timeprice_id, price_timestamp, ask_price, bid_price, trade_volume, ticker_id) values (559, '14:16', '$976.90', '$399.37', 226907368, 'CHI');
insert into moving_price (timeprice_id, price_timestamp, ask_price, bid_price, trade_volume, ticker_id) values (560, '4:52', '$438.02', '$783.65', 629866632, 'BMY');
insert into moving_price (timeprice_id, price_timestamp, ask_price, bid_price, trade_volume, ticker_id) values (561, '3:57', '$132.93', '$960.39', 643486832, 'BAC.WS.B');
insert into moving_price (timeprice_id, price_timestamp, ask_price, bid_price, trade_volume, ticker_id) values (562, '11:38', '$381.66', '$418.70', 807522873, 'RHI');
insert into moving_price (timeprice_id, price_timestamp, ask_price, bid_price, trade_volume, ticker_id) values (563, '9:40', '$3.18', '$690.94', 529020904, 'SVA');
insert into moving_price (timeprice_id, price_timestamp, ask_price, bid_price, trade_volume, ticker_id) values (564, '21:56', '$371.04', '$936.45', 173261981, 'DRQ');
insert into moving_price (timeprice_id, price_timestamp, ask_price, bid_price, trade_volume, ticker_id) values (565, '1:37', '$580.86', '$862.84', 804391812, 'ISTR');
insert into moving_price (timeprice_id, price_timestamp, ask_price, bid_price, trade_volume, ticker_id) values (566, '5:04', '$863.34', '$957.45', 651181722, 'MHNC');
insert into moving_price (timeprice_id, price_timestamp, ask_price, bid_price, trade_volume, ticker_id) values (567, '8:38', '$133.41', '$424.74', 174051552, 'HAIN');
insert into moving_price (timeprice_id, price_timestamp, ask_price, bid_price, trade_volume, ticker_id) values (568, '22:39', '$617.00', '$968.70', 940718684, 'ADMA');
insert into moving_price (timeprice_id, price_timestamp, ask_price, bid_price, trade_volume, ticker_id) values (569, '2:29', '$322.43', '$109.46', 847061031, 'SSWN');
insert into moving_price (timeprice_id, price_timestamp, ask_price, bid_price, trade_volume, ticker_id) values (570, '1:12', '$309.87', '$371.81', 893929839, 'QPACU');
insert into moving_price (timeprice_id, price_timestamp, ask_price, bid_price, trade_volume, ticker_id) values (571, '5:58', '$13.01', '$29.67', 952408471, 'ACH');
insert into moving_price (timeprice_id, price_timestamp, ask_price, bid_price, trade_volume, ticker_id) values (572, '18:24', '$819.85', '$288.57', 168060126, 'QCLN');
insert into moving_price (timeprice_id, price_timestamp, ask_price, bid_price, trade_volume, ticker_id) values (573, '21:20', '$880.81', '$445.02', 241705998, 'WETF');
insert into moving_price (timeprice_id, price_timestamp, ask_price, bid_price, trade_volume, ticker_id) values (574, '1:14', '$869.20', '$817.53', 444929572, 'ANET');
insert into moving_price (timeprice_id, price_timestamp, ask_price, bid_price, trade_volume, ticker_id) values (575, '17:38', '$297.06', '$864.56', 471047299, 'HGV');
insert into moving_price (timeprice_id, price_timestamp, ask_price, bid_price, trade_volume, ticker_id) values (576, '17:10', '$827.14', '$888.81', 99684556, 'SBS');
insert into moving_price (timeprice_id, price_timestamp, ask_price, bid_price, trade_volume, ticker_id) values (577, '22:01', '$849.68', '$34.39', 219757573, 'UDR');
insert into moving_price (timeprice_id, price_timestamp, ask_price, bid_price, trade_volume, ticker_id) values (578, '17:41', '$913.69', '$577.87', 741568107, 'BKEP');
insert into moving_price (timeprice_id, price_timestamp, ask_price, bid_price, trade_volume, ticker_id) values (579, '5:01', '$78.97', '$443.27', 370721974, 'BAP');
insert into moving_price (timeprice_id, price_timestamp, ask_price, bid_price, trade_volume, ticker_id) values (580, '4:45', '$953.88', '$966.13', 10480120, 'LCM');
insert into moving_price (timeprice_id, price_timestamp, ask_price, bid_price, trade_volume, ticker_id) values (581, '1:51', '$251.46', '$711.79', 973399235, 'DPG');
insert into moving_price (timeprice_id, price_timestamp, ask_price, bid_price, trade_volume, ticker_id) values (582, '21:52', '$337.96', '$84.92', 33133801, 'VONG');
insert into moving_price (timeprice_id, price_timestamp, ask_price, bid_price, trade_volume, ticker_id) values (583, '16:30', '$531.26', '$984.23', 917100935, 'BMY');
insert into moving_price (timeprice_id, price_timestamp, ask_price, bid_price, trade_volume, ticker_id) values (584, '4:35', '$252.33', '$78.34', 279069616, 'MFCB');
insert into moving_price (timeprice_id, price_timestamp, ask_price, bid_price, trade_volume, ticker_id) values (585, '22:40', '$771.11', '$262.84', 461089453, 'SRG');
insert into moving_price (timeprice_id, price_timestamp, ask_price, bid_price, trade_volume, ticker_id) values (586, '14:05', '$630.81', '$952.38', 973328535, 'TACT');
insert into moving_price (timeprice_id, price_timestamp, ask_price, bid_price, trade_volume, ticker_id) values (587, '20:59', '$236.10', '$100.85', 350797535, 'FMSA');
insert into moving_price (timeprice_id, price_timestamp, ask_price, bid_price, trade_volume, ticker_id) values (588, '10:00', '$311.24', '$185.98', 364053731, 'NNN');
insert into moving_price (timeprice_id, price_timestamp, ask_price, bid_price, trade_volume, ticker_id) values (589, '23:54', '$404.57', '$453.19', 867449147, 'SVA');
insert into moving_price (timeprice_id, price_timestamp, ask_price, bid_price, trade_volume, ticker_id) values (590, '22:22', '$760.65', '$40.74', 127170703, 'UPLD');
insert into moving_price (timeprice_id, price_timestamp, ask_price, bid_price, trade_volume, ticker_id) values (591, '11:06', '$675.08', '$339.06', 294576097, 'UG');
insert into moving_price (timeprice_id, price_timestamp, ask_price, bid_price, trade_volume, ticker_id) values (592, '20:09', '$799.85', '$594.37', 392743771, 'VVV');
insert into moving_price (timeprice_id, price_timestamp, ask_price, bid_price, trade_volume, ticker_id) values (593, '22:44', '$428.29', '$111.00', 765642131, 'ERIC');
insert into moving_price (timeprice_id, price_timestamp, ask_price, bid_price, trade_volume, ticker_id) values (594, '23:33', '$507.32', '$419.36', 575506838, 'EEQ');
insert into moving_price (timeprice_id, price_timestamp, ask_price, bid_price, trade_volume, ticker_id) values (595, '6:14', '$901.34', '$978.27', 299037113, 'BKEP');
insert into moving_price (timeprice_id, price_timestamp, ask_price, bid_price, trade_volume, ticker_id) values (596, '18:36', '$572.12', '$27.49', 189681484, 'SPLP^A');
insert into moving_price (timeprice_id, price_timestamp, ask_price, bid_price, trade_volume, ticker_id) values (597, '2:38', '$994.02', '$465.49', 612235660, 'NGHC');
insert into moving_price (timeprice_id, price_timestamp, ask_price, bid_price, trade_volume, ticker_id) values (598, '7:34', '$490.39', '$968.99', 422807638, 'PNRG');
insert into moving_price (timeprice_id, price_timestamp, ask_price, bid_price, trade_volume, ticker_id) values (599, '6:12', '$851.22', '$719.71', 305875511, 'HGV');
insert into moving_price (timeprice_id, price_timestamp, ask_price, bid_price, trade_volume, ticker_id) values (600, '4:14', '$854.43', '$833.27', 36101579, 'HTF');
insert into moving_price (timeprice_id, price_timestamp, ask_price, bid_price, trade_volume, ticker_id) values (601, '19:31', '$180.51', '$657.91', 683440076, 'VVV');
insert into moving_price (timeprice_id, price_timestamp, ask_price, bid_price, trade_volume, ticker_id) values (602, '4:05', '$645.42', '$772.15', 53995709, 'RHI');
insert into moving_price (timeprice_id, price_timestamp, ask_price, bid_price, trade_volume, ticker_id) values (603, '3:17', '$57.97', '$501.52', 739986766, 'HTGM');
insert into moving_price (timeprice_id, price_timestamp, ask_price, bid_price, trade_volume, ticker_id) values (604, '15:40', '$628.12', '$488.17', 601790213, 'GLOG^A');
insert into moving_price (timeprice_id, price_timestamp, ask_price, bid_price, trade_volume, ticker_id) values (605, '22:57', '$428.60', '$386.50', 578081176, 'BAC.WS.B');
insert into moving_price (timeprice_id, price_timestamp, ask_price, bid_price, trade_volume, ticker_id) values (606, '9:09', '$174.36', '$111.31', 320995556, 'FTS');
insert into moving_price (timeprice_id, price_timestamp, ask_price, bid_price, trade_volume, ticker_id) values (607, '13:46', '$576.97', '$657.39', 755213953, 'BEAT');
insert into moving_price (timeprice_id, price_timestamp, ask_price, bid_price, trade_volume, ticker_id) values (608, '1:38', '$335.48', '$339.85', 639573099, 'ESES');
insert into moving_price (timeprice_id, price_timestamp, ask_price, bid_price, trade_volume, ticker_id) values (609, '5:23', '$826.22', '$823.02', 879860747, 'BAC');
insert into moving_price (timeprice_id, price_timestamp, ask_price, bid_price, trade_volume, ticker_id) values (610, '21:52', '$877.20', '$235.18', 532003392, 'OFED');
insert into moving_price (timeprice_id, price_timestamp, ask_price, bid_price, trade_volume, ticker_id) values (611, '5:02', '$882.73', '$4.31', 899570835, 'BAC.WS.B');
insert into moving_price (timeprice_id, price_timestamp, ask_price, bid_price, trade_volume, ticker_id) values (612, '6:31', '$971.88', '$769.92', 246641139, 'OFIX');
insert into moving_price (timeprice_id, price_timestamp, ask_price, bid_price, trade_volume, ticker_id) values (613, '23:47', '$935.24', '$36.14', 855216930, 'ARQL');
insert into moving_price (timeprice_id, price_timestamp, ask_price, bid_price, trade_volume, ticker_id) values (614, '11:47', '$136.11', '$697.56', 662363246, 'VBIV');
insert into moving_price (timeprice_id, price_timestamp, ask_price, bid_price, trade_volume, ticker_id) values (615, '18:00', '$525.50', '$397.65', 813693356, 'PNFP');
insert into moving_price (timeprice_id, price_timestamp, ask_price, bid_price, trade_volume, ticker_id) values (616, '4:38', '$140.96', '$634.81', 504670608, 'FTS');
insert into moving_price (timeprice_id, price_timestamp, ask_price, bid_price, trade_volume, ticker_id) values (617, '2:06', '$552.41', '$35.40', 749514889, 'FMSA');
insert into moving_price (timeprice_id, price_timestamp, ask_price, bid_price, trade_volume, ticker_id) values (618, '19:36', '$420.65', '$145.23', 666252611, 'WYNN');
insert into moving_price (timeprice_id, price_timestamp, ask_price, bid_price, trade_volume, ticker_id) values (619, '16:48', '$815.02', '$898.67', 336426017, 'SHLM');
insert into moving_price (timeprice_id, price_timestamp, ask_price, bid_price, trade_volume, ticker_id) values (620, '16:19', '$614.53', '$502.27', 410363802, 'CUNB');
insert into moving_price (timeprice_id, price_timestamp, ask_price, bid_price, trade_volume, ticker_id) values (621, '12:42', '$572.37', '$986.39', 546550204, 'EXPR');
insert into moving_price (timeprice_id, price_timestamp, ask_price, bid_price, trade_volume, ticker_id) values (622, '20:03', '$372.40', '$623.40', 649978493, 'FTAI');
insert into moving_price (timeprice_id, price_timestamp, ask_price, bid_price, trade_volume, ticker_id) values (623, '8:34', '$500.61', '$303.63', 638371841, 'ECCA');
insert into moving_price (timeprice_id, price_timestamp, ask_price, bid_price, trade_volume, ticker_id) values (624, '17:51', '$489.76', '$369.02', 63357348, 'NGHC');
insert into moving_price (timeprice_id, price_timestamp, ask_price, bid_price, trade_volume, ticker_id) values (625, '16:03', '$500.67', '$385.45', 423272144, 'LUV');
insert into moving_price (timeprice_id, price_timestamp, ask_price, bid_price, trade_volume, ticker_id) values (626, '13:36', '$48.84', '$551.34', 805938404, 'HTGM');
insert into moving_price (timeprice_id, price_timestamp, ask_price, bid_price, trade_volume, ticker_id) values (627, '10:18', '$532.18', '$164.73', 514567228, 'CUNB');
insert into moving_price (timeprice_id, price_timestamp, ask_price, bid_price, trade_volume, ticker_id) values (628, '9:07', '$949.92', '$267.99', 119306320, 'NM^H');
insert into moving_price (timeprice_id, price_timestamp, ask_price, bid_price, trade_volume, ticker_id) values (629, '2:40', '$293.11', '$562.71', 798644053, 'DWIN');
insert into moving_price (timeprice_id, price_timestamp, ask_price, bid_price, trade_volume, ticker_id) values (630, '20:08', '$565.62', '$312.08', 946314732, 'PX');
insert into moving_price (timeprice_id, price_timestamp, ask_price, bid_price, trade_volume, ticker_id) values (631, '14:17', '$120.80', '$402.76', 636679400, 'VVV');
insert into moving_price (timeprice_id, price_timestamp, ask_price, bid_price, trade_volume, ticker_id) values (632, '7:44', '$36.87', '$468.66', 445796794, 'TPX');
insert into moving_price (timeprice_id, price_timestamp, ask_price, bid_price, trade_volume, ticker_id) values (633, '20:48', '$32.92', '$293.85', 804197642, 'FMBH');
insert into moving_price (timeprice_id, price_timestamp, ask_price, bid_price, trade_volume, ticker_id) values (634, '1:19', '$510.21', '$2.07', 666104927, 'IBKR');
insert into moving_price (timeprice_id, price_timestamp, ask_price, bid_price, trade_volume, ticker_id) values (635, '15:00', '$593.05', '$833.20', 844439467, 'EFC');
insert into moving_price (timeprice_id, price_timestamp, ask_price, bid_price, trade_volume, ticker_id) values (636, '12:30', '$99.04', '$209.04', 741832493, 'BLRX');
insert into moving_price (timeprice_id, price_timestamp, ask_price, bid_price, trade_volume, ticker_id) values (637, '0:10', '$660.60', '$690.18', 936714699, 'DWIN');
insert into moving_price (timeprice_id, price_timestamp, ask_price, bid_price, trade_volume, ticker_id) values (638, '5:36', '$294.83', '$507.42', 810864055, 'NYMT');
insert into moving_price (timeprice_id, price_timestamp, ask_price, bid_price, trade_volume, ticker_id) values (639, '5:29', '$829.99', '$281.18', 961162108, 'LEXEA');
insert into moving_price (timeprice_id, price_timestamp, ask_price, bid_price, trade_volume, ticker_id) values (640, '5:02', '$103.48', '$433.88', 921303793, 'DAN');
insert into moving_price (timeprice_id, price_timestamp, ask_price, bid_price, trade_volume, ticker_id) values (641, '21:10', '$61.88', '$787.72', 313472303, 'VTA');
insert into moving_price (timeprice_id, price_timestamp, ask_price, bid_price, trade_volume, ticker_id) values (642, '18:41', '$623.71', '$333.39', 17129698, 'MNTA');
insert into moving_price (timeprice_id, price_timestamp, ask_price, bid_price, trade_volume, ticker_id) values (643, '1:16', '$214.64', '$285.22', 966533021, 'UG');
insert into moving_price (timeprice_id, price_timestamp, ask_price, bid_price, trade_volume, ticker_id) values (644, '16:02', '$132.79', '$119.69', 819845897, 'TUTI');
insert into moving_price (timeprice_id, price_timestamp, ask_price, bid_price, trade_volume, ticker_id) values (645, '13:51', '$11.54', '$811.28', 536580964, 'CVNA');
insert into moving_price (timeprice_id, price_timestamp, ask_price, bid_price, trade_volume, ticker_id) values (646, '0:10', '$112.59', '$636.14', 546819392, 'CMD');
insert into moving_price (timeprice_id, price_timestamp, ask_price, bid_price, trade_volume, ticker_id) values (647, '2:06', '$217.13', '$373.55', 837830259, 'HTGM');
insert into moving_price (timeprice_id, price_timestamp, ask_price, bid_price, trade_volume, ticker_id) values (648, '19:52', '$148.94', '$804.63', 677509438, 'MLR');
insert into moving_price (timeprice_id, price_timestamp, ask_price, bid_price, trade_volume, ticker_id) values (649, '17:06', '$827.53', '$911.37', 588325000, 'MTN');
insert into moving_price (timeprice_id, price_timestamp, ask_price, bid_price, trade_volume, ticker_id) values (650, '1:56', '$41.94', '$914.57', 384185003, 'CIVI');
insert into moving_price (timeprice_id, price_timestamp, ask_price, bid_price, trade_volume, ticker_id) values (651, '0:19', '$711.12', '$199.61', 10011311, 'FFBCW');
insert into moving_price (timeprice_id, price_timestamp, ask_price, bid_price, trade_volume, ticker_id) values (652, '23:39', '$544.71', '$397.34', 635179302, 'FRC^H');
insert into moving_price (timeprice_id, price_timestamp, ask_price, bid_price, trade_volume, ticker_id) values (653, '16:27', '$714.98', '$181.02', 868768639, 'TS');
insert into moving_price (timeprice_id, price_timestamp, ask_price, bid_price, trade_volume, ticker_id) values (654, '14:01', '$298.68', '$484.48', 941024212, 'IRS');
insert into moving_price (timeprice_id, price_timestamp, ask_price, bid_price, trade_volume, ticker_id) values (655, '17:07', '$379.87', '$167.85', 580204744, 'LHCG');
insert into moving_price (timeprice_id, price_timestamp, ask_price, bid_price, trade_volume, ticker_id) values (656, '16:04', '$428.62', '$4.83', 121311988, 'HCC');
insert into moving_price (timeprice_id, price_timestamp, ask_price, bid_price, trade_volume, ticker_id) values (657, '3:27', '$227.18', '$220.47', 456847618, 'ACH');
insert into moving_price (timeprice_id, price_timestamp, ask_price, bid_price, trade_volume, ticker_id) values (658, '14:01', '$95.95', '$513.70', 900446767, 'CHKP');
insert into moving_price (timeprice_id, price_timestamp, ask_price, bid_price, trade_volume, ticker_id) values (659, '18:02', '$560.09', '$255.38', 448766598, 'FTEK');
insert into moving_price (timeprice_id, price_timestamp, ask_price, bid_price, trade_volume, ticker_id) values (660, '1:54', '$715.28', '$322.24', 980460846, 'TACT');
insert into moving_price (timeprice_id, price_timestamp, ask_price, bid_price, trade_volume, ticker_id) values (661, '9:53', '$132.41', '$790.95', 607200002, 'BAC');
insert into moving_price (timeprice_id, price_timestamp, ask_price, bid_price, trade_volume, ticker_id) values (662, '16:04', '$518.23', '$4.18', 693454781, 'GAB^G');
insert into moving_price (timeprice_id, price_timestamp, ask_price, bid_price, trade_volume, ticker_id) values (663, '20:11', '$878.63', '$461.62', 212168462, 'ATAX');
insert into moving_price (timeprice_id, price_timestamp, ask_price, bid_price, trade_volume, ticker_id) values (664, '8:21', '$612.33', '$464.00', 688333151, 'MHO');
insert into moving_price (timeprice_id, price_timestamp, ask_price, bid_price, trade_volume, ticker_id) values (665, '22:57', '$476.68', '$783.23', 274220168, 'PX');
insert into moving_price (timeprice_id, price_timestamp, ask_price, bid_price, trade_volume, ticker_id) values (666, '5:42', '$948.91', '$747.26', 346177836, 'GGM');
insert into moving_price (timeprice_id, price_timestamp, ask_price, bid_price, trade_volume, ticker_id) values (667, '20:06', '$104.15', '$991.21', 164404569, 'FMSA');
insert into moving_price (timeprice_id, price_timestamp, ask_price, bid_price, trade_volume, ticker_id) values (668, '20:55', '$519.32', '$260.52', 42334359, 'FORTY');
insert into moving_price (timeprice_id, price_timestamp, ask_price, bid_price, trade_volume, ticker_id) values (669, '0:31', '$943.53', '$252.94', 290322966, 'VIVO');
insert into moving_price (timeprice_id, price_timestamp, ask_price, bid_price, trade_volume, ticker_id) values (670, '9:19', '$475.40', '$328.63', 757042288, 'RARE');
insert into moving_price (timeprice_id, price_timestamp, ask_price, bid_price, trade_volume, ticker_id) values (671, '5:19', '$265.66', '$511.22', 504374665, 'WEB');
insert into moving_price (timeprice_id, price_timestamp, ask_price, bid_price, trade_volume, ticker_id) values (672, '7:47', '$852.10', '$57.18', 535991025, 'DRRX');
insert into moving_price (timeprice_id, price_timestamp, ask_price, bid_price, trade_volume, ticker_id) values (673, '17:45', '$931.91', '$178.69', 96690098, 'FTS');
insert into moving_price (timeprice_id, price_timestamp, ask_price, bid_price, trade_volume, ticker_id) values (674, '14:40', '$115.13', '$663.30', 784541515, 'VRTS');
insert into moving_price (timeprice_id, price_timestamp, ask_price, bid_price, trade_volume, ticker_id) values (675, '12:35', '$419.51', '$374.15', 557939899, 'FOGO');
insert into moving_price (timeprice_id, price_timestamp, ask_price, bid_price, trade_volume, ticker_id) values (676, '2:44', '$176.44', '$25.96', 764890902, 'SPH');
insert into moving_price (timeprice_id, price_timestamp, ask_price, bid_price, trade_volume, ticker_id) values (677, '0:24', '$757.60', '$931.91', 80268503, 'SPLP^A');
insert into moving_price (timeprice_id, price_timestamp, ask_price, bid_price, trade_volume, ticker_id) values (678, '18:33', '$975.86', '$690.63', 924582607, 'BLRX');
insert into moving_price (timeprice_id, price_timestamp, ask_price, bid_price, trade_volume, ticker_id) values (679, '8:41', '$294.73', '$579.99', 799983432, 'CIVBP');
insert into moving_price (timeprice_id, price_timestamp, ask_price, bid_price, trade_volume, ticker_id) values (680, '9:06', '$893.27', '$510.52', 201936631, 'ANET');
insert into moving_price (timeprice_id, price_timestamp, ask_price, bid_price, trade_volume, ticker_id) values (681, '2:37', '$717.65', '$816.30', 355820952, 'WTFCW');
insert into moving_price (timeprice_id, price_timestamp, ask_price, bid_price, trade_volume, ticker_id) values (682, '8:24', '$294.03', '$346.52', 443812559, 'FSV');
insert into moving_price (timeprice_id, price_timestamp, ask_price, bid_price, trade_volume, ticker_id) values (683, '13:40', '$142.17', '$531.41', 381424848, 'MNR^C');
insert into moving_price (timeprice_id, price_timestamp, ask_price, bid_price, trade_volume, ticker_id) values (684, '21:27', '$147.29', '$651.59', 586562008, 'SVA');
insert into moving_price (timeprice_id, price_timestamp, ask_price, bid_price, trade_volume, ticker_id) values (685, '10:34', '$121.83', '$679.38', 165934773, 'CUNB');
insert into moving_price (timeprice_id, price_timestamp, ask_price, bid_price, trade_volume, ticker_id) values (686, '13:17', '$262.55', '$678.43', 600254189, 'GTS');
insert into moving_price (timeprice_id, price_timestamp, ask_price, bid_price, trade_volume, ticker_id) values (687, '4:53', '$581.38', '$704.86', 681753488, 'SPE^B');
insert into moving_price (timeprice_id, price_timestamp, ask_price, bid_price, trade_volume, ticker_id) values (688, '3:30', '$766.61', '$487.56', 475978884, 'UPLD');
insert into moving_price (timeprice_id, price_timestamp, ask_price, bid_price, trade_volume, ticker_id) values (689, '19:20', '$973.15', '$546.53', 800742959, 'HEBT');
insert into moving_price (timeprice_id, price_timestamp, ask_price, bid_price, trade_volume, ticker_id) values (690, '18:09', '$812.27', '$497.19', 455353918, 'DAN');
insert into moving_price (timeprice_id, price_timestamp, ask_price, bid_price, trade_volume, ticker_id) values (691, '7:30', '$236.37', '$2.72', 528881897, 'VVV');
insert into moving_price (timeprice_id, price_timestamp, ask_price, bid_price, trade_volume, ticker_id) values (692, '17:18', '$623.75', '$86.45', 145306364, 'MRAM');
insert into moving_price (timeprice_id, price_timestamp, ask_price, bid_price, trade_volume, ticker_id) values (693, '1:51', '$603.56', '$213.79', 760885775, 'OGE');
insert into moving_price (timeprice_id, price_timestamp, ask_price, bid_price, trade_volume, ticker_id) values (694, '7:58', '$383.36', '$756.86', 772876923, 'ERIC');
insert into moving_price (timeprice_id, price_timestamp, ask_price, bid_price, trade_volume, ticker_id) values (695, '7:51', '$250.94', '$419.72', 63995495, 'MDGL');
insert into moving_price (timeprice_id, price_timestamp, ask_price, bid_price, trade_volume, ticker_id) values (696, '13:29', '$746.18', '$296.46', 835756144, 'KMI^A');
insert into moving_price (timeprice_id, price_timestamp, ask_price, bid_price, trade_volume, ticker_id) values (697, '22:35', '$80.49', '$665.39', 615103428, 'PNRG');
insert into moving_price (timeprice_id, price_timestamp, ask_price, bid_price, trade_volume, ticker_id) values (698, '8:20', '$55.89', '$721.74', 306867508, 'SPLP^A');
insert into moving_price (timeprice_id, price_timestamp, ask_price, bid_price, trade_volume, ticker_id) values (699, '2:43', '$883.88', '$879.91', 439183224, 'CFFN');
insert into moving_price (timeprice_id, price_timestamp, ask_price, bid_price, trade_volume, ticker_id) values (700, '5:55', '$248.43', '$322.79', 102576971, 'NYMT');
insert into moving_price (timeprice_id, price_timestamp, ask_price, bid_price, trade_volume, ticker_id) values (701, '10:34', '$565.56', '$903.35', 130598031, 'GAB^G');
insert into moving_price (timeprice_id, price_timestamp, ask_price, bid_price, trade_volume, ticker_id) values (702, '20:46', '$835.86', '$647.15', 302670646, 'NWY');
insert into moving_price (timeprice_id, price_timestamp, ask_price, bid_price, trade_volume, ticker_id) values (703, '7:00', '$151.68', '$832.29', 290272534, 'KAR');
insert into moving_price (timeprice_id, price_timestamp, ask_price, bid_price, trade_volume, ticker_id) values (704, '3:23', '$173.33', '$279.31', 773458220, 'IRS');
insert into moving_price (timeprice_id, price_timestamp, ask_price, bid_price, trade_volume, ticker_id) values (705, '21:54', '$178.98', '$829.53', 460321032, 'HEBT');
insert into moving_price (timeprice_id, price_timestamp, ask_price, bid_price, trade_volume, ticker_id) values (706, '20:42', '$817.00', '$927.91', 879469353, 'ESES');
insert into moving_price (timeprice_id, price_timestamp, ask_price, bid_price, trade_volume, ticker_id) values (707, '7:50', '$97.85', '$458.23', 673600927, 'VBIV');
insert into moving_price (timeprice_id, price_timestamp, ask_price, bid_price, trade_volume, ticker_id) values (708, '3:19', '$209.06', '$754.03', 774730519, 'AAAP');
insert into moving_price (timeprice_id, price_timestamp, ask_price, bid_price, trade_volume, ticker_id) values (709, '23:08', '$524.47', '$256.06', 980613429, 'HTF');
insert into moving_price (timeprice_id, price_timestamp, ask_price, bid_price, trade_volume, ticker_id) values (710, '8:50', '$517.42', '$355.19', 806982980, 'SRE');
insert into moving_price (timeprice_id, price_timestamp, ask_price, bid_price, trade_volume, ticker_id) values (711, '10:41', '$94.89', '$707.93', 231662344, 'SVA');
insert into moving_price (timeprice_id, price_timestamp, ask_price, bid_price, trade_volume, ticker_id) values (712, '18:44', '$85.49', '$459.21', 839628735, 'NYMT');
insert into moving_price (timeprice_id, price_timestamp, ask_price, bid_price, trade_volume, ticker_id) values (713, '0:30', '$863.14', '$486.08', 306629578, 'TPX');
insert into moving_price (timeprice_id, price_timestamp, ask_price, bid_price, trade_volume, ticker_id) values (714, '13:31', '$601.69', '$925.70', 237470430, 'MHNC');
insert into moving_price (timeprice_id, price_timestamp, ask_price, bid_price, trade_volume, ticker_id) values (715, '12:08', '$468.41', '$119.06', 347541649, 'CBK');
insert into moving_price (timeprice_id, price_timestamp, ask_price, bid_price, trade_volume, ticker_id) values (716, '7:15', '$884.78', '$777.89', 285155070, 'IPG');
insert into moving_price (timeprice_id, price_timestamp, ask_price, bid_price, trade_volume, ticker_id) values (717, '10:45', '$867.88', '$428.12', 723900063, 'BMLA');
insert into moving_price (timeprice_id, price_timestamp, ask_price, bid_price, trade_volume, ticker_id) values (718, '15:37', '$855.01', '$415.51', 903337358, 'SVA');
insert into moving_price (timeprice_id, price_timestamp, ask_price, bid_price, trade_volume, ticker_id) values (719, '11:24', '$535.84', '$398.93', 987561315, 'GTS');
insert into moving_price (timeprice_id, price_timestamp, ask_price, bid_price, trade_volume, ticker_id) values (720, '14:02', '$957.32', '$503.62', 945366374, 'DDD');
insert into moving_price (timeprice_id, price_timestamp, ask_price, bid_price, trade_volume, ticker_id) values (721, '4:35', '$327.02', '$101.83', 842798304, 'RARE');
insert into moving_price (timeprice_id, price_timestamp, ask_price, bid_price, trade_volume, ticker_id) values (722, '6:16', '$809.74', '$345.29', 742353742, 'BEAT');
insert into moving_price (timeprice_id, price_timestamp, ask_price, bid_price, trade_volume, ticker_id) values (723, '3:33', '$615.95', '$818.72', 716825692, 'CHKP');
insert into moving_price (timeprice_id, price_timestamp, ask_price, bid_price, trade_volume, ticker_id) values (724, '8:54', '$525.59', '$275.80', 918265366, 'HAIN');
insert into moving_price (timeprice_id, price_timestamp, ask_price, bid_price, trade_volume, ticker_id) values (725, '5:13', '$905.07', '$183.40', 265251017, 'OXFD');
insert into moving_price (timeprice_id, price_timestamp, ask_price, bid_price, trade_volume, ticker_id) values (726, '14:09', '$136.04', '$824.70', 627849193, 'TS');
insert into moving_price (timeprice_id, price_timestamp, ask_price, bid_price, trade_volume, ticker_id) values (727, '16:03', '$179.00', '$676.72', 374244135, 'ERIC');
insert into moving_price (timeprice_id, price_timestamp, ask_price, bid_price, trade_volume, ticker_id) values (728, '5:39', '$253.56', '$491.30', 823815170, 'TMST');
insert into moving_price (timeprice_id, price_timestamp, ask_price, bid_price, trade_volume, ticker_id) values (729, '22:26', '$197.10', '$130.90', 888384533, 'ARQL');
insert into moving_price (timeprice_id, price_timestamp, ask_price, bid_price, trade_volume, ticker_id) values (730, '7:53', '$774.95', '$76.78', 855257156, 'DYSL');
insert into moving_price (timeprice_id, price_timestamp, ask_price, bid_price, trade_volume, ticker_id) values (731, '10:55', '$467.08', '$623.52', 186391225, 'EXC');
insert into moving_price (timeprice_id, price_timestamp, ask_price, bid_price, trade_volume, ticker_id) values (732, '2:02', '$406.94', '$487.68', 308138914, 'CIVI');
insert into moving_price (timeprice_id, price_timestamp, ask_price, bid_price, trade_volume, ticker_id) values (733, '0:37', '$194.47', '$720.94', 467516139, 'FRC^H');
insert into moving_price (timeprice_id, price_timestamp, ask_price, bid_price, trade_volume, ticker_id) values (734, '8:12', '$100.63', '$535.11', 853441867, 'ICL');
insert into moving_price (timeprice_id, price_timestamp, ask_price, bid_price, trade_volume, ticker_id) values (735, '11:17', '$399.56', '$959.38', 98663409, 'MOTAW');
insert into moving_price (timeprice_id, price_timestamp, ask_price, bid_price, trade_volume, ticker_id) values (736, '6:11', '$95.64', '$736.41', 452678542, 'WETF');
insert into moving_price (timeprice_id, price_timestamp, ask_price, bid_price, trade_volume, ticker_id) values (737, '17:12', '$411.37', '$209.31', 321115706, 'SVA');
insert into moving_price (timeprice_id, price_timestamp, ask_price, bid_price, trade_volume, ticker_id) values (738, '5:51', '$289.13', '$952.31', 999938106, 'HGV');
insert into moving_price (timeprice_id, price_timestamp, ask_price, bid_price, trade_volume, ticker_id) values (739, '17:37', '$783.41', '$712.68', 320805744, 'WETF');
insert into moving_price (timeprice_id, price_timestamp, ask_price, bid_price, trade_volume, ticker_id) values (740, '11:21', '$677.87', '$576.76', 948949626, 'OFED');
insert into moving_price (timeprice_id, price_timestamp, ask_price, bid_price, trade_volume, ticker_id) values (741, '3:10', '$718.94', '$90.51', 332178336, 'ARQL');
insert into moving_price (timeprice_id, price_timestamp, ask_price, bid_price, trade_volume, ticker_id) values (742, '16:40', '$29.36', '$155.63', 701712670, 'RSO');
insert into moving_price (timeprice_id, price_timestamp, ask_price, bid_price, trade_volume, ticker_id) values (743, '9:47', '$668.45', '$709.26', 337138919, 'NM^H');
insert into moving_price (timeprice_id, price_timestamp, ask_price, bid_price, trade_volume, ticker_id) values (744, '16:44', '$30.68', '$894.58', 200185176, 'AEUA');
insert into moving_price (timeprice_id, price_timestamp, ask_price, bid_price, trade_volume, ticker_id) values (745, '2:32', '$782.60', '$788.11', 701357221, 'WTFCW');
insert into moving_price (timeprice_id, price_timestamp, ask_price, bid_price, trade_volume, ticker_id) values (746, '3:49', '$253.49', '$771.88', 572187057, 'SRG');
insert into moving_price (timeprice_id, price_timestamp, ask_price, bid_price, trade_volume, ticker_id) values (747, '13:31', '$456.16', '$278.08', 846995855, 'CFFN');
insert into moving_price (timeprice_id, price_timestamp, ask_price, bid_price, trade_volume, ticker_id) values (748, '4:56', '$682.87', '$935.54', 115447347, 'DDD');
insert into moving_price (timeprice_id, price_timestamp, ask_price, bid_price, trade_volume, ticker_id) values (749, '1:38', '$395.26', '$325.09', 337947215, 'ESES');
insert into moving_price (timeprice_id, price_timestamp, ask_price, bid_price, trade_volume, ticker_id) values (750, '5:53', '$771.28', '$175.28', 50218924, 'GGM');
insert into moving_price (timeprice_id, price_timestamp, ask_price, bid_price, trade_volume, ticker_id) values (751, '7:09', '$703.20', '$623.60', 78271981, 'ATRC');
insert into moving_price (timeprice_id, price_timestamp, ask_price, bid_price, trade_volume, ticker_id) values (752, '20:17', '$733.94', '$992.53', 582861366, 'AJXA');
insert into moving_price (timeprice_id, price_timestamp, ask_price, bid_price, trade_volume, ticker_id) values (753, '4:00', '$715.08', '$335.96', 259654219, 'EXPR');
insert into moving_price (timeprice_id, price_timestamp, ask_price, bid_price, trade_volume, ticker_id) values (754, '9:22', '$496.91', '$318.80', 384784836, 'FIVN');
insert into moving_price (timeprice_id, price_timestamp, ask_price, bid_price, trade_volume, ticker_id) values (755, '5:20', '$663.40', '$984.52', 528810236, 'TACT');
insert into moving_price (timeprice_id, price_timestamp, ask_price, bid_price, trade_volume, ticker_id) values (756, '23:11', '$341.59', '$382.34', 491684956, 'UPLD');
insert into moving_price (timeprice_id, price_timestamp, ask_price, bid_price, trade_volume, ticker_id) values (757, '9:01', '$871.12', '$74.81', 624607872, 'OXFD');
insert into moving_price (timeprice_id, price_timestamp, ask_price, bid_price, trade_volume, ticker_id) values (758, '9:35', '$76.06', '$843.77', 169211123, 'OFED');
insert into moving_price (timeprice_id, price_timestamp, ask_price, bid_price, trade_volume, ticker_id) values (759, '8:25', '$702.65', '$896.99', 956486735, 'MFCB');
insert into moving_price (timeprice_id, price_timestamp, ask_price, bid_price, trade_volume, ticker_id) values (760, '20:47', '$734.27', '$576.09', 172056110, 'ARQL');
insert into moving_price (timeprice_id, price_timestamp, ask_price, bid_price, trade_volume, ticker_id) values (761, '0:29', '$229.86', '$95.93', 485726450, 'TMST');
insert into moving_price (timeprice_id, price_timestamp, ask_price, bid_price, trade_volume, ticker_id) values (762, '21:38', '$224.83', '$882.31', 902367313, 'WTFCW');
insert into moving_price (timeprice_id, price_timestamp, ask_price, bid_price, trade_volume, ticker_id) values (763, '10:00', '$385.06', '$756.39', 77859439, 'UPLD');
insert into moving_price (timeprice_id, price_timestamp, ask_price, bid_price, trade_volume, ticker_id) values (764, '1:57', '$872.57', '$942.80', 953931046, 'PPHM');
insert into moving_price (timeprice_id, price_timestamp, ask_price, bid_price, trade_volume, ticker_id) values (765, '0:35', '$400.16', '$245.39', 724009678, 'ADRA');
insert into moving_price (timeprice_id, price_timestamp, ask_price, bid_price, trade_volume, ticker_id) values (766, '17:23', '$616.53', '$229.18', 613809947, 'RARE');
insert into moving_price (timeprice_id, price_timestamp, ask_price, bid_price, trade_volume, ticker_id) values (767, '15:34', '$431.69', '$547.70', 743866445, 'TSEM');
insert into moving_price (timeprice_id, price_timestamp, ask_price, bid_price, trade_volume, ticker_id) values (768, '15:44', '$299.68', '$936.09', 175207868, 'OGE');
insert into moving_price (timeprice_id, price_timestamp, ask_price, bid_price, trade_volume, ticker_id) values (769, '12:13', '$224.95', '$256.55', 373004299, 'MNR^C');
insert into moving_price (timeprice_id, price_timestamp, ask_price, bid_price, trade_volume, ticker_id) values (770, '22:25', '$647.81', '$517.42', 742172167, 'PNRG');
insert into moving_price (timeprice_id, price_timestamp, ask_price, bid_price, trade_volume, ticker_id) values (771, '23:47', '$919.57', '$975.37', 978285764, 'VTA');
insert into moving_price (timeprice_id, price_timestamp, ask_price, bid_price, trade_volume, ticker_id) values (772, '5:24', '$209.01', '$321.01', 781729698, 'BAC.WS.B');
insert into moving_price (timeprice_id, price_timestamp, ask_price, bid_price, trade_volume, ticker_id) values (773, '18:55', '$386.70', '$184.57', 681329891, 'LGIH');
insert into moving_price (timeprice_id, price_timestamp, ask_price, bid_price, trade_volume, ticker_id) values (774, '9:38', '$663.91', '$999.00', 648985464, 'DRQ');
insert into moving_price (timeprice_id, price_timestamp, ask_price, bid_price, trade_volume, ticker_id) values (775, '1:27', '$653.05', '$215.31', 818819756, 'WEB');
insert into moving_price (timeprice_id, price_timestamp, ask_price, bid_price, trade_volume, ticker_id) values (776, '8:50', '$893.46', '$578.72', 120279352, 'BKEP');
insert into moving_price (timeprice_id, price_timestamp, ask_price, bid_price, trade_volume, ticker_id) values (777, '7:43', '$889.32', '$366.72', 484186244, 'WSTC');
insert into moving_price (timeprice_id, price_timestamp, ask_price, bid_price, trade_volume, ticker_id) values (778, '2:37', '$799.87', '$75.40', 350233065, 'QPACU');
insert into moving_price (timeprice_id, price_timestamp, ask_price, bid_price, trade_volume, ticker_id) values (779, '1:09', '$906.15', '$770.88', 889587337, 'VTR');
insert into moving_price (timeprice_id, price_timestamp, ask_price, bid_price, trade_volume, ticker_id) values (780, '9:03', '$991.50', '$762.59', 453233033, 'LEXEA');
insert into moving_price (timeprice_id, price_timestamp, ask_price, bid_price, trade_volume, ticker_id) values (781, '15:06', '$487.55', '$808.78', 34803401, 'OFIX');
insert into moving_price (timeprice_id, price_timestamp, ask_price, bid_price, trade_volume, ticker_id) values (782, '23:15', '$641.78', '$419.37', 888837163, 'CHKP');
insert into moving_price (timeprice_id, price_timestamp, ask_price, bid_price, trade_volume, ticker_id) values (783, '6:22', '$204.44', '$433.12', 917787798, 'GGM');
insert into moving_price (timeprice_id, price_timestamp, ask_price, bid_price, trade_volume, ticker_id) values (784, '23:03', '$216.80', '$457.07', 947311612, 'LEN');
insert into moving_price (timeprice_id, price_timestamp, ask_price, bid_price, trade_volume, ticker_id) values (785, '13:53', '$983.72', '$197.53', 142037708, 'BAP');
insert into moving_price (timeprice_id, price_timestamp, ask_price, bid_price, trade_volume, ticker_id) values (786, '5:35', '$146.00', '$795.44', 9202049, 'CALI');
insert into moving_price (timeprice_id, price_timestamp, ask_price, bid_price, trade_volume, ticker_id) values (787, '11:58', '$60.52', '$913.12', 897009214, 'ISBC');
insert into moving_price (timeprice_id, price_timestamp, ask_price, bid_price, trade_volume, ticker_id) values (788, '23:14', '$101.44', '$679.04', 574513476, 'SRG');
insert into moving_price (timeprice_id, price_timestamp, ask_price, bid_price, trade_volume, ticker_id) values (789, '18:02', '$641.37', '$175.24', 746825898, 'DRQ');
insert into moving_price (timeprice_id, price_timestamp, ask_price, bid_price, trade_volume, ticker_id) values (790, '4:49', '$519.70', '$749.69', 261282581, 'VONG');
insert into moving_price (timeprice_id, price_timestamp, ask_price, bid_price, trade_volume, ticker_id) values (791, '20:28', '$110.39', '$789.46', 34512539, 'RCKY');
insert into moving_price (timeprice_id, price_timestamp, ask_price, bid_price, trade_volume, ticker_id) values (792, '11:49', '$177.05', '$402.84', 957287752, 'RHI');
insert into moving_price (timeprice_id, price_timestamp, ask_price, bid_price, trade_volume, ticker_id) values (793, '10:14', '$119.89', '$947.65', 578942352, 'VTA');
insert into moving_price (timeprice_id, price_timestamp, ask_price, bid_price, trade_volume, ticker_id) values (794, '18:40', '$93.15', '$256.47', 905201154, 'HGV');
insert into moving_price (timeprice_id, price_timestamp, ask_price, bid_price, trade_volume, ticker_id) values (795, '10:22', '$275.61', '$537.15', 242572227, 'TUTI');
insert into moving_price (timeprice_id, price_timestamp, ask_price, bid_price, trade_volume, ticker_id) values (796, '2:13', '$844.92', '$158.34', 932157760, 'RCKY');
insert into moving_price (timeprice_id, price_timestamp, ask_price, bid_price, trade_volume, ticker_id) values (797, '2:59', '$532.46', '$485.03', 446557122, 'HEES');
insert into moving_price (timeprice_id, price_timestamp, ask_price, bid_price, trade_volume, ticker_id) values (798, '21:11', '$267.80', '$852.18', 189839922, 'AJXA');
insert into moving_price (timeprice_id, price_timestamp, ask_price, bid_price, trade_volume, ticker_id) values (799, '20:13', '$501.87', '$757.96', 163067967, 'FOR');
insert into moving_price (timeprice_id, price_timestamp, ask_price, bid_price, trade_volume, ticker_id) values (800, '1:02', '$227.02', '$909.09', 766563070, 'MGRC');
insert into moving_price (timeprice_id, price_timestamp, ask_price, bid_price, trade_volume, ticker_id) values (801, '1:30', '$298.28', '$114.87', 746679205, 'BMY');
insert into moving_price (timeprice_id, price_timestamp, ask_price, bid_price, trade_volume, ticker_id) values (802, '7:56', '$765.61', '$245.53', 503621537, 'VIVO');
insert into moving_price (timeprice_id, price_timestamp, ask_price, bid_price, trade_volume, ticker_id) values (803, '19:43', '$53.31', '$281.81', 793583586, 'ACHC');
insert into moving_price (timeprice_id, price_timestamp, ask_price, bid_price, trade_volume, ticker_id) values (804, '4:45', '$504.07', '$944.60', 569134757, 'PX');
insert into moving_price (timeprice_id, price_timestamp, ask_price, bid_price, trade_volume, ticker_id) values (805, '8:10', '$651.61', '$33.82', 101384481, 'LGIH');
insert into moving_price (timeprice_id, price_timestamp, ask_price, bid_price, trade_volume, ticker_id) values (806, '6:44', '$110.22', '$623.89', 832588869, 'CFFN');
insert into moving_price (timeprice_id, price_timestamp, ask_price, bid_price, trade_volume, ticker_id) values (807, '3:15', '$894.30', '$758.70', 864859023, 'LGIH');
insert into moving_price (timeprice_id, price_timestamp, ask_price, bid_price, trade_volume, ticker_id) values (808, '22:20', '$406.37', '$417.01', 509419420, 'CTAS');
insert into moving_price (timeprice_id, price_timestamp, ask_price, bid_price, trade_volume, ticker_id) values (809, '11:56', '$914.67', '$442.56', 477723310, 'GOVNI');
insert into moving_price (timeprice_id, price_timestamp, ask_price, bid_price, trade_volume, ticker_id) values (810, '20:17', '$468.89', '$220.53', 377649115, 'ECCA');
insert into moving_price (timeprice_id, price_timestamp, ask_price, bid_price, trade_volume, ticker_id) values (811, '3:55', '$169.96', '$844.46', 638685649, 'VTA');
insert into moving_price (timeprice_id, price_timestamp, ask_price, bid_price, trade_volume, ticker_id) values (812, '23:50', '$461.57', '$966.66', 794239204, 'VVV');
insert into moving_price (timeprice_id, price_timestamp, ask_price, bid_price, trade_volume, ticker_id) values (813, '8:40', '$579.77', '$873.65', 476344866, 'BKEP');
insert into moving_price (timeprice_id, price_timestamp, ask_price, bid_price, trade_volume, ticker_id) values (814, '18:12', '$94.07', '$11.15', 905946138, 'GXP^B');
insert into moving_price (timeprice_id, price_timestamp, ask_price, bid_price, trade_volume, ticker_id) values (815, '1:02', '$800.44', '$737.07', 757904329, 'GTS');
insert into moving_price (timeprice_id, price_timestamp, ask_price, bid_price, trade_volume, ticker_id) values (816, '18:42', '$678.61', '$545.17', 9993477, 'QPACU');
insert into moving_price (timeprice_id, price_timestamp, ask_price, bid_price, trade_volume, ticker_id) values (817, '6:54', '$595.29', '$124.03', 117156657, 'VBIV');
insert into moving_price (timeprice_id, price_timestamp, ask_price, bid_price, trade_volume, ticker_id) values (818, '17:59', '$816.68', '$630.49', 553043840, 'BEAT');
insert into moving_price (timeprice_id, price_timestamp, ask_price, bid_price, trade_volume, ticker_id) values (819, '7:54', '$814.10', '$604.41', 225715184, 'HGV');
insert into moving_price (timeprice_id, price_timestamp, ask_price, bid_price, trade_volume, ticker_id) values (820, '3:29', '$277.06', '$32.73', 873796505, 'SSWN');
insert into moving_price (timeprice_id, price_timestamp, ask_price, bid_price, trade_volume, ticker_id) values (821, '1:08', '$584.91', '$357.09', 606382363, 'WTFCW');
insert into moving_price (timeprice_id, price_timestamp, ask_price, bid_price, trade_volume, ticker_id) values (822, '4:42', '$433.97', '$359.36', 661424009, 'DYSL');
insert into moving_price (timeprice_id, price_timestamp, ask_price, bid_price, trade_volume, ticker_id) values (823, '10:37', '$216.70', '$194.52', 682659068, 'MXIM');
insert into moving_price (timeprice_id, price_timestamp, ask_price, bid_price, trade_volume, ticker_id) values (824, '23:58', '$551.51', '$489.48', 974085005, 'RCKY');
insert into moving_price (timeprice_id, price_timestamp, ask_price, bid_price, trade_volume, ticker_id) values (825, '12:40', '$706.49', '$982.78', 654013637, 'NVRO');
insert into moving_price (timeprice_id, price_timestamp, ask_price, bid_price, trade_volume, ticker_id) values (826, '2:24', '$162.43', '$756.59', 138857971, 'MOTAW');
insert into moving_price (timeprice_id, price_timestamp, ask_price, bid_price, trade_volume, ticker_id) values (827, '0:07', '$942.09', '$945.99', 182734464, 'BAC');
insert into moving_price (timeprice_id, price_timestamp, ask_price, bid_price, trade_volume, ticker_id) values (828, '17:56', '$395.15', '$593.24', 672568182, 'VTA');
insert into moving_price (timeprice_id, price_timestamp, ask_price, bid_price, trade_volume, ticker_id) values (829, '7:13', '$197.22', '$450.42', 573287599, 'LEN');
insert into moving_price (timeprice_id, price_timestamp, ask_price, bid_price, trade_volume, ticker_id) values (830, '3:27', '$702.09', '$771.53', 274275592, 'DYSL');
insert into moving_price (timeprice_id, price_timestamp, ask_price, bid_price, trade_volume, ticker_id) values (831, '18:15', '$764.36', '$539.90', 721154111, 'WTFCW');
insert into moving_price (timeprice_id, price_timestamp, ask_price, bid_price, trade_volume, ticker_id) values (832, '13:19', '$888.79', '$138.53', 483548387, 'CVNA');
insert into moving_price (timeprice_id, price_timestamp, ask_price, bid_price, trade_volume, ticker_id) values (833, '9:29', '$127.12', '$895.53', 359704753, 'ICL');
insert into moving_price (timeprice_id, price_timestamp, ask_price, bid_price, trade_volume, ticker_id) values (834, '23:06', '$146.55', '$451.38', 814243981, 'ISTR');
insert into moving_price (timeprice_id, price_timestamp, ask_price, bid_price, trade_volume, ticker_id) values (835, '22:23', '$368.04', '$881.13', 507871275, 'VVV');
insert into moving_price (timeprice_id, price_timestamp, ask_price, bid_price, trade_volume, ticker_id) values (836, '15:38', '$929.96', '$523.88', 509449418, 'MHNC');
insert into moving_price (timeprice_id, price_timestamp, ask_price, bid_price, trade_volume, ticker_id) values (837, '14:18', '$384.47', '$124.98', 78247959, 'FOGO');
insert into moving_price (timeprice_id, price_timestamp, ask_price, bid_price, trade_volume, ticker_id) values (838, '16:38', '$235.54', '$334.89', 350507792, 'MXIM');
insert into moving_price (timeprice_id, price_timestamp, ask_price, bid_price, trade_volume, ticker_id) values (839, '19:00', '$741.93', '$778.86', 765769490, 'EEQ');
insert into moving_price (timeprice_id, price_timestamp, ask_price, bid_price, trade_volume, ticker_id) values (840, '23:18', '$820.49', '$8.24', 480895177, 'SPH');
insert into moving_price (timeprice_id, price_timestamp, ask_price, bid_price, trade_volume, ticker_id) values (841, '4:36', '$770.04', '$930.70', 242296070, 'NNN');
insert into moving_price (timeprice_id, price_timestamp, ask_price, bid_price, trade_volume, ticker_id) values (842, '19:53', '$622.70', '$880.35', 563500754, 'ACH');
insert into moving_price (timeprice_id, price_timestamp, ask_price, bid_price, trade_volume, ticker_id) values (843, '4:27', '$949.87', '$161.89', 495084438, 'BMLA');
insert into moving_price (timeprice_id, price_timestamp, ask_price, bid_price, trade_volume, ticker_id) values (844, '16:09', '$402.44', '$978.07', 168430143, 'CSIQ');
insert into moving_price (timeprice_id, price_timestamp, ask_price, bid_price, trade_volume, ticker_id) values (845, '14:19', '$551.87', '$194.68', 257596838, 'IPG');
insert into moving_price (timeprice_id, price_timestamp, ask_price, bid_price, trade_volume, ticker_id) values (846, '21:20', '$211.19', '$596.12', 48082157, 'ISTR');
insert into moving_price (timeprice_id, price_timestamp, ask_price, bid_price, trade_volume, ticker_id) values (847, '14:30', '$810.53', '$776.60', 669887929, 'VVV');
insert into moving_price (timeprice_id, price_timestamp, ask_price, bid_price, trade_volume, ticker_id) values (848, '16:34', '$114.67', '$804.95', 88852047, 'TACT');
insert into moving_price (timeprice_id, price_timestamp, ask_price, bid_price, trade_volume, ticker_id) values (849, '0:56', '$34.13', '$879.98', 893972721, 'ESES');
insert into moving_price (timeprice_id, price_timestamp, ask_price, bid_price, trade_volume, ticker_id) values (850, '12:23', '$802.56', '$585.64', 582895990, 'EEQ');
insert into moving_price (timeprice_id, price_timestamp, ask_price, bid_price, trade_volume, ticker_id) values (851, '5:31', '$669.00', '$677.03', 231780885, 'AJXA');
insert into moving_price (timeprice_id, price_timestamp, ask_price, bid_price, trade_volume, ticker_id) values (852, '17:14', '$578.35', '$42.93', 954904816, 'MHO');
insert into moving_price (timeprice_id, price_timestamp, ask_price, bid_price, trade_volume, ticker_id) values (853, '12:06', '$669.62', '$161.40', 473782298, 'FOGO');
insert into moving_price (timeprice_id, price_timestamp, ask_price, bid_price, trade_volume, ticker_id) values (854, '16:51', '$848.97', '$218.63', 50740332, 'JNP');
insert into moving_price (timeprice_id, price_timestamp, ask_price, bid_price, trade_volume, ticker_id) values (855, '13:09', '$945.61', '$597.55', 509761314, 'BKH');
insert into moving_price (timeprice_id, price_timestamp, ask_price, bid_price, trade_volume, ticker_id) values (856, '23:13', '$96.13', '$277.15', 315163987, 'DPG');
insert into moving_price (timeprice_id, price_timestamp, ask_price, bid_price, trade_volume, ticker_id) values (857, '20:06', '$12.56', '$46.22', 73493994, 'BEAT');
insert into moving_price (timeprice_id, price_timestamp, ask_price, bid_price, trade_volume, ticker_id) values (858, '6:26', '$132.26', '$885.75', 931184779, 'WMIH');
insert into moving_price (timeprice_id, price_timestamp, ask_price, bid_price, trade_volume, ticker_id) values (859, '3:39', '$274.64', '$75.22', 672245530, 'ANET');
insert into moving_price (timeprice_id, price_timestamp, ask_price, bid_price, trade_volume, ticker_id) values (860, '18:53', '$866.78', '$834.03', 107877963, 'GGM');
insert into moving_price (timeprice_id, price_timestamp, ask_price, bid_price, trade_volume, ticker_id) values (861, '0:58', '$78.50', '$213.07', 21217344, 'UG');
insert into moving_price (timeprice_id, price_timestamp, ask_price, bid_price, trade_volume, ticker_id) values (862, '3:20', '$340.48', '$409.27', 391491432, 'DAN');
insert into moving_price (timeprice_id, price_timestamp, ask_price, bid_price, trade_volume, ticker_id) values (863, '3:10', '$732.60', '$3.10', 72757921, 'QCLN');
insert into moving_price (timeprice_id, price_timestamp, ask_price, bid_price, trade_volume, ticker_id) values (864, '5:18', '$318.00', '$667.18', 796574887, 'EXC');
insert into moving_price (timeprice_id, price_timestamp, ask_price, bid_price, trade_volume, ticker_id) values (865, '21:07', '$413.03', '$380.82', 288135489, 'EXC');
insert into moving_price (timeprice_id, price_timestamp, ask_price, bid_price, trade_volume, ticker_id) values (866, '23:05', '$904.84', '$312.29', 500421337, 'CSIQ');
insert into moving_price (timeprice_id, price_timestamp, ask_price, bid_price, trade_volume, ticker_id) values (867, '13:11', '$263.59', '$946.96', 380674079, 'BMLA');
insert into moving_price (timeprice_id, price_timestamp, ask_price, bid_price, trade_volume, ticker_id) values (868, '5:18', '$782.81', '$303.77', 976439869, 'MUR');
insert into moving_price (timeprice_id, price_timestamp, ask_price, bid_price, trade_volume, ticker_id) values (869, '17:17', '$363.23', '$889.16', 396508313, 'MFCB');
insert into moving_price (timeprice_id, price_timestamp, ask_price, bid_price, trade_volume, ticker_id) values (870, '18:31', '$477.81', '$484.86', 967080554, 'ERIC');
insert into moving_price (timeprice_id, price_timestamp, ask_price, bid_price, trade_volume, ticker_id) values (871, '19:55', '$638.81', '$713.73', 247442168, 'QCLN');
insert into moving_price (timeprice_id, price_timestamp, ask_price, bid_price, trade_volume, ticker_id) values (872, '6:20', '$912.54', '$240.84', 440305705, 'ESSA');
insert into moving_price (timeprice_id, price_timestamp, ask_price, bid_price, trade_volume, ticker_id) values (873, '20:14', '$532.53', '$190.87', 228702496, 'LHCG');
insert into moving_price (timeprice_id, price_timestamp, ask_price, bid_price, trade_volume, ticker_id) values (874, '18:53', '$276.49', '$568.89', 550600748, 'FVC');
insert into moving_price (timeprice_id, price_timestamp, ask_price, bid_price, trade_volume, ticker_id) values (875, '8:14', '$700.72', '$559.42', 864467048, 'SHLM');
insert into moving_price (timeprice_id, price_timestamp, ask_price, bid_price, trade_volume, ticker_id) values (876, '0:28', '$478.44', '$684.53', 244934322, 'WYNN');
insert into moving_price (timeprice_id, price_timestamp, ask_price, bid_price, trade_volume, ticker_id) values (877, '9:05', '$314.56', '$846.25', 613545681, 'FOANC');
insert into moving_price (timeprice_id, price_timestamp, ask_price, bid_price, trade_volume, ticker_id) values (878, '0:35', '$482.47', '$15.51', 661733903, 'TSEM');
insert into moving_price (timeprice_id, price_timestamp, ask_price, bid_price, trade_volume, ticker_id) values (879, '7:19', '$575.24', '$69.64', 912663, 'IDXG');
insert into moving_price (timeprice_id, price_timestamp, ask_price, bid_price, trade_volume, ticker_id) values (880, '6:51', '$245.42', '$252.07', 611702050, 'FTEK');
insert into moving_price (timeprice_id, price_timestamp, ask_price, bid_price, trade_volume, ticker_id) values (881, '22:26', '$903.40', '$490.40', 318700839, 'ACH');
insert into moving_price (timeprice_id, price_timestamp, ask_price, bid_price, trade_volume, ticker_id) values (882, '5:34', '$334.62', '$637.57', 327061117, 'TSEM');
insert into moving_price (timeprice_id, price_timestamp, ask_price, bid_price, trade_volume, ticker_id) values (883, '4:38', '$690.69', '$210.87', 493516419, 'BAC');
insert into moving_price (timeprice_id, price_timestamp, ask_price, bid_price, trade_volume, ticker_id) values (884, '21:48', '$638.35', '$819.94', 599441812, 'CMD');
insert into moving_price (timeprice_id, price_timestamp, ask_price, bid_price, trade_volume, ticker_id) values (885, '18:08', '$851.44', '$266.59', 778297061, 'IPAS');
insert into moving_price (timeprice_id, price_timestamp, ask_price, bid_price, trade_volume, ticker_id) values (886, '0:55', '$435.44', '$611.93', 6932514, 'VRTS');
insert into moving_price (timeprice_id, price_timestamp, ask_price, bid_price, trade_volume, ticker_id) values (887, '23:55', '$141.17', '$523.95', 185985565, 'CATB');
insert into moving_price (timeprice_id, price_timestamp, ask_price, bid_price, trade_volume, ticker_id) values (888, '0:39', '$239.31', '$354.73', 741947311, 'BKEP');
insert into moving_price (timeprice_id, price_timestamp, ask_price, bid_price, trade_volume, ticker_id) values (889, '5:34', '$808.28', '$383.27', 723687747, 'CBK');
insert into moving_price (timeprice_id, price_timestamp, ask_price, bid_price, trade_volume, ticker_id) values (890, '5:14', '$532.61', '$84.49', 139205429, 'RSO');
insert into moving_price (timeprice_id, price_timestamp, ask_price, bid_price, trade_volume, ticker_id) values (891, '20:16', '$903.52', '$599.98', 568760906, 'ADMA');
insert into moving_price (timeprice_id, price_timestamp, ask_price, bid_price, trade_volume, ticker_id) values (892, '18:01', '$966.50', '$395.84', 588475310, 'SHIPW');
insert into moving_price (timeprice_id, price_timestamp, ask_price, bid_price, trade_volume, ticker_id) values (893, '13:03', '$250.60', '$223.16', 302987600, 'ACH');
insert into moving_price (timeprice_id, price_timestamp, ask_price, bid_price, trade_volume, ticker_id) values (894, '3:40', '$367.66', '$945.39', 177370422, 'BAC');
insert into moving_price (timeprice_id, price_timestamp, ask_price, bid_price, trade_volume, ticker_id) values (895, '11:06', '$819.54', '$51.70', 698879751, 'DAN');
insert into moving_price (timeprice_id, price_timestamp, ask_price, bid_price, trade_volume, ticker_id) values (896, '4:28', '$266.56', '$117.80', 461217946, 'CVNA');
insert into moving_price (timeprice_id, price_timestamp, ask_price, bid_price, trade_volume, ticker_id) values (897, '9:55', '$884.60', '$932.55', 150060257, 'KMI^A');
insert into moving_price (timeprice_id, price_timestamp, ask_price, bid_price, trade_volume, ticker_id) values (898, '14:42', '$578.27', '$698.67', 130215718, 'CSIQ');
insert into moving_price (timeprice_id, price_timestamp, ask_price, bid_price, trade_volume, ticker_id) values (899, '11:10', '$105.12', '$376.13', 71813726, 'EYEGW');
insert into moving_price (timeprice_id, price_timestamp, ask_price, bid_price, trade_volume, ticker_id) values (900, '6:08', '$152.01', '$729.66', 230997061, 'DYSL');
insert into moving_price (timeprice_id, price_timestamp, ask_price, bid_price, trade_volume, ticker_id) values (901, '6:08', '$211.37', '$559.52', 949564500, 'CIVI');
insert into moving_price (timeprice_id, price_timestamp, ask_price, bid_price, trade_volume, ticker_id) values (902, '10:07', '$603.48', '$872.68', 421408086, 'SPH');
insert into moving_price (timeprice_id, price_timestamp, ask_price, bid_price, trade_volume, ticker_id) values (903, '9:48', '$852.19', '$309.39', 563639138, 'MFCB');
insert into moving_price (timeprice_id, price_timestamp, ask_price, bid_price, trade_volume, ticker_id) values (904, '16:00', '$382.38', '$380.10', 739113453, 'HTF');
insert into moving_price (timeprice_id, price_timestamp, ask_price, bid_price, trade_volume, ticker_id) values (905, '19:58', '$657.78', '$530.40', 756407116, 'MER^K');
insert into moving_price (timeprice_id, price_timestamp, ask_price, bid_price, trade_volume, ticker_id) values (906, '14:15', '$277.21', '$979.60', 639653654, 'SQ');
insert into moving_price (timeprice_id, price_timestamp, ask_price, bid_price, trade_volume, ticker_id) values (907, '7:05', '$944.67', '$807.20', 103436203, 'BMY');
insert into moving_price (timeprice_id, price_timestamp, ask_price, bid_price, trade_volume, ticker_id) values (908, '6:13', '$491.85', '$478.33', 640750497, 'DYSL');
insert into moving_price (timeprice_id, price_timestamp, ask_price, bid_price, trade_volume, ticker_id) values (909, '22:32', '$802.89', '$202.97', 302397166, 'FTS');
insert into moving_price (timeprice_id, price_timestamp, ask_price, bid_price, trade_volume, ticker_id) values (910, '3:36', '$481.85', '$23.86', 164503402, 'AEUA');
insert into moving_price (timeprice_id, price_timestamp, ask_price, bid_price, trade_volume, ticker_id) values (911, '15:17', '$370.58', '$556.37', 68134751, 'WEB');
insert into moving_price (timeprice_id, price_timestamp, ask_price, bid_price, trade_volume, ticker_id) values (912, '2:13', '$204.38', '$929.58', 762618005, 'GGM');
insert into moving_price (timeprice_id, price_timestamp, ask_price, bid_price, trade_volume, ticker_id) values (913, '21:30', '$989.64', '$311.28', 590772565, 'TPX');
insert into moving_price (timeprice_id, price_timestamp, ask_price, bid_price, trade_volume, ticker_id) values (914, '23:24', '$369.70', '$468.21', 826542240, 'LCM');
insert into moving_price (timeprice_id, price_timestamp, ask_price, bid_price, trade_volume, ticker_id) values (915, '8:39', '$236.53', '$160.81', 468138991, 'GLOG^A');
insert into moving_price (timeprice_id, price_timestamp, ask_price, bid_price, trade_volume, ticker_id) values (916, '10:09', '$763.75', '$381.96', 280005378, 'CSIQ');
insert into moving_price (timeprice_id, price_timestamp, ask_price, bid_price, trade_volume, ticker_id) values (917, '22:50', '$627.47', '$315.15', 389024366, 'EEQ');
insert into moving_price (timeprice_id, price_timestamp, ask_price, bid_price, trade_volume, ticker_id) values (918, '13:03', '$947.13', '$57.12', 82696389, 'BAC.WS.B');
insert into moving_price (timeprice_id, price_timestamp, ask_price, bid_price, trade_volume, ticker_id) values (919, '12:19', '$586.78', '$334.38', 771590087, 'HTGM');
insert into moving_price (timeprice_id, price_timestamp, ask_price, bid_price, trade_volume, ticker_id) values (920, '3:06', '$334.16', '$948.67', 94216592, 'PPHM');
insert into moving_price (timeprice_id, price_timestamp, ask_price, bid_price, trade_volume, ticker_id) values (921, '17:19', '$229.08', '$932.90', 45022020, 'MUR');
insert into moving_price (timeprice_id, price_timestamp, ask_price, bid_price, trade_volume, ticker_id) values (922, '18:09', '$407.99', '$361.99', 482321030, 'JNP');
insert into moving_price (timeprice_id, price_timestamp, ask_price, bid_price, trade_volume, ticker_id) values (923, '19:01', '$187.37', '$844.13', 522873195, 'MAC');
insert into moving_price (timeprice_id, price_timestamp, ask_price, bid_price, trade_volume, ticker_id) values (924, '18:28', '$642.24', '$219.99', 44568581, 'TMST');
insert into moving_price (timeprice_id, price_timestamp, ask_price, bid_price, trade_volume, ticker_id) values (925, '13:25', '$105.03', '$761.79', 818524828, 'FOGO');
insert into moving_price (timeprice_id, price_timestamp, ask_price, bid_price, trade_volume, ticker_id) values (926, '19:21', '$373.83', '$204.75', 844134656, 'ATRC');
insert into moving_price (timeprice_id, price_timestamp, ask_price, bid_price, trade_volume, ticker_id) values (927, '17:35', '$185.73', '$519.56', 544073768, 'AAAP');
insert into moving_price (timeprice_id, price_timestamp, ask_price, bid_price, trade_volume, ticker_id) values (928, '20:08', '$462.08', '$171.89', 388480020, 'ADRA');
insert into moving_price (timeprice_id, price_timestamp, ask_price, bid_price, trade_volume, ticker_id) values (929, '16:05', '$88.61', '$298.46', 806649553, 'TOL');
insert into moving_price (timeprice_id, price_timestamp, ask_price, bid_price, trade_volume, ticker_id) values (930, '11:27', '$159.14', '$337.60', 290100639, 'BAP');
insert into moving_price (timeprice_id, price_timestamp, ask_price, bid_price, trade_volume, ticker_id) values (931, '16:19', '$325.84', '$803.18', 807411461, 'FVC');
insert into moving_price (timeprice_id, price_timestamp, ask_price, bid_price, trade_volume, ticker_id) values (932, '0:47', '$123.50', '$45.64', 175429476, 'DAN');
insert into moving_price (timeprice_id, price_timestamp, ask_price, bid_price, trade_volume, ticker_id) values (933, '9:35', '$508.28', '$215.29', 875397909, 'ISTR');
insert into moving_price (timeprice_id, price_timestamp, ask_price, bid_price, trade_volume, ticker_id) values (934, '12:35', '$101.00', '$911.39', 466779433, 'ADRA');
insert into moving_price (timeprice_id, price_timestamp, ask_price, bid_price, trade_volume, ticker_id) values (935, '5:57', '$459.60', '$613.50', 970706217, 'MDGL');
insert into moving_price (timeprice_id, price_timestamp, ask_price, bid_price, trade_volume, ticker_id) values (936, '1:24', '$41.04', '$906.90', 228243385, 'FIVN');
insert into moving_price (timeprice_id, price_timestamp, ask_price, bid_price, trade_volume, ticker_id) values (937, '2:45', '$20.15', '$259.19', 296969238, 'FOGO');
insert into moving_price (timeprice_id, price_timestamp, ask_price, bid_price, trade_volume, ticker_id) values (938, '20:46', '$658.58', '$20.62', 582410226, 'MTN');
insert into moving_price (timeprice_id, price_timestamp, ask_price, bid_price, trade_volume, ticker_id) values (939, '23:49', '$774.81', '$898.13', 823080426, 'NWS');
insert into moving_price (timeprice_id, price_timestamp, ask_price, bid_price, trade_volume, ticker_id) values (940, '0:29', '$198.88', '$563.41', 419656829, 'VVV');
insert into moving_price (timeprice_id, price_timestamp, ask_price, bid_price, trade_volume, ticker_id) values (941, '18:53', '$504.63', '$357.64', 768740994, 'RSO');
insert into moving_price (timeprice_id, price_timestamp, ask_price, bid_price, trade_volume, ticker_id) values (942, '1:10', '$915.54', '$958.68', 372381418, 'GSHTU');
insert into moving_price (timeprice_id, price_timestamp, ask_price, bid_price, trade_volume, ticker_id) values (943, '17:58', '$518.70', '$416.42', 294180887, 'IBKR');
insert into moving_price (timeprice_id, price_timestamp, ask_price, bid_price, trade_volume, ticker_id) values (944, '0:50', '$794.85', '$897.52', 984351333, 'FTEK');
insert into moving_price (timeprice_id, price_timestamp, ask_price, bid_price, trade_volume, ticker_id) values (945, '10:07', '$484.04', '$626.33', 696620306, 'OFIX');
insert into moving_price (timeprice_id, price_timestamp, ask_price, bid_price, trade_volume, ticker_id) values (946, '5:45', '$761.93', '$670.93', 743670439, 'GAB^G');
insert into moving_price (timeprice_id, price_timestamp, ask_price, bid_price, trade_volume, ticker_id) values (947, '20:55', '$379.96', '$697.58', 241098309, 'MVCB');
insert into moving_price (timeprice_id, price_timestamp, ask_price, bid_price, trade_volume, ticker_id) values (948, '3:34', '$348.63', '$957.80', 195452559, 'CTRV');
insert into moving_price (timeprice_id, price_timestamp, ask_price, bid_price, trade_volume, ticker_id) values (949, '2:59', '$962.43', '$647.95', 413215299, 'MAC');
insert into moving_price (timeprice_id, price_timestamp, ask_price, bid_price, trade_volume, ticker_id) values (950, '9:00', '$647.89', '$172.72', 568104213, 'OXFD');
insert into moving_price (timeprice_id, price_timestamp, ask_price, bid_price, trade_volume, ticker_id) values (951, '21:19', '$739.77', '$114.47', 392108143, 'DRQ');
insert into moving_price (timeprice_id, price_timestamp, ask_price, bid_price, trade_volume, ticker_id) values (952, '3:38', '$113.47', '$110.35', 64185122, 'BLRX');
insert into moving_price (timeprice_id, price_timestamp, ask_price, bid_price, trade_volume, ticker_id) values (953, '18:10', '$607.80', '$810.59', 18809634, 'BMLA');
insert into moving_price (timeprice_id, price_timestamp, ask_price, bid_price, trade_volume, ticker_id) values (954, '8:59', '$605.16', '$516.81', 971117746, 'ISBC');
insert into moving_price (timeprice_id, price_timestamp, ask_price, bid_price, trade_volume, ticker_id) values (955, '10:00', '$824.69', '$477.86', 192871397, 'FAD');
insert into moving_price (timeprice_id, price_timestamp, ask_price, bid_price, trade_volume, ticker_id) values (956, '17:44', '$958.99', '$253.41', 155574286, 'MDGL');
insert into moving_price (timeprice_id, price_timestamp, ask_price, bid_price, trade_volume, ticker_id) values (957, '22:30', '$19.52', '$853.73', 344000002, 'HEBT');
insert into moving_price (timeprice_id, price_timestamp, ask_price, bid_price, trade_volume, ticker_id) values (958, '7:18', '$838.74', '$385.52', 751951656, 'CHI');
insert into moving_price (timeprice_id, price_timestamp, ask_price, bid_price, trade_volume, ticker_id) values (959, '0:17', '$349.43', '$608.60', 536631178, 'GSHTU');
insert into moving_price (timeprice_id, price_timestamp, ask_price, bid_price, trade_volume, ticker_id) values (960, '5:27', '$65.59', '$384.89', 926722640, 'VVV');
insert into moving_price (timeprice_id, price_timestamp, ask_price, bid_price, trade_volume, ticker_id) values (961, '19:36', '$746.47', '$129.39', 416323768, 'MVCB');
insert into moving_price (timeprice_id, price_timestamp, ask_price, bid_price, trade_volume, ticker_id) values (962, '11:41', '$38.44', '$598.24', 285713418, 'LGIH');
insert into moving_price (timeprice_id, price_timestamp, ask_price, bid_price, trade_volume, ticker_id) values (963, '7:30', '$138.23', '$691.13', 156155913, 'ERIC');
insert into moving_price (timeprice_id, price_timestamp, ask_price, bid_price, trade_volume, ticker_id) values (964, '17:11', '$392.70', '$445.05', 353114732, 'SHLM');
insert into moving_price (timeprice_id, price_timestamp, ask_price, bid_price, trade_volume, ticker_id) values (965, '9:06', '$223.33', '$248.20', 114603959, 'HE^U');
insert into moving_price (timeprice_id, price_timestamp, ask_price, bid_price, trade_volume, ticker_id) values (966, '13:04', '$795.51', '$944.68', 796862459, 'IPAS');
insert into moving_price (timeprice_id, price_timestamp, ask_price, bid_price, trade_volume, ticker_id) values (967, '14:35', '$147.25', '$40.90', 71535622, 'ADMA');
insert into moving_price (timeprice_id, price_timestamp, ask_price, bid_price, trade_volume, ticker_id) values (968, '21:25', '$290.97', '$415.05', 1008655, 'TPX');
insert into moving_price (timeprice_id, price_timestamp, ask_price, bid_price, trade_volume, ticker_id) values (969, '0:37', '$772.10', '$383.43', 774372184, 'FOANC');
insert into moving_price (timeprice_id, price_timestamp, ask_price, bid_price, trade_volume, ticker_id) values (970, '12:41', '$855.90', '$829.90', 318424104, 'LUV');
insert into moving_price (timeprice_id, price_timestamp, ask_price, bid_price, trade_volume, ticker_id) values (971, '4:13', '$946.48', '$70.12', 128291271, 'ACHC');
insert into moving_price (timeprice_id, price_timestamp, ask_price, bid_price, trade_volume, ticker_id) values (972, '5:32', '$334.44', '$131.78', 576639283, 'BAC');
insert into moving_price (timeprice_id, price_timestamp, ask_price, bid_price, trade_volume, ticker_id) values (973, '21:29', '$445.25', '$793.47', 258796179, 'SRE');
insert into moving_price (timeprice_id, price_timestamp, ask_price, bid_price, trade_volume, ticker_id) values (974, '15:32', '$109.08', '$444.67', 738095532, 'ATRC');
insert into moving_price (timeprice_id, price_timestamp, ask_price, bid_price, trade_volume, ticker_id) values (975, '10:05', '$233.94', '$262.00', 364567457, 'SBS');
insert into moving_price (timeprice_id, price_timestamp, ask_price, bid_price, trade_volume, ticker_id) values (976, '22:02', '$544.81', '$516.48', 902475833, 'NWY');
insert into moving_price (timeprice_id, price_timestamp, ask_price, bid_price, trade_volume, ticker_id) values (977, '11:27', '$798.87', '$517.90', 948410287, 'VBIV');
insert into moving_price (timeprice_id, price_timestamp, ask_price, bid_price, trade_volume, ticker_id) values (978, '19:24', '$183.31', '$905.64', 230553989, 'CMD');
insert into moving_price (timeprice_id, price_timestamp, ask_price, bid_price, trade_volume, ticker_id) values (979, '11:03', '$27.40', '$164.89', 53149732, 'SGMA');
insert into moving_price (timeprice_id, price_timestamp, ask_price, bid_price, trade_volume, ticker_id) values (980, '4:25', '$433.09', '$247.70', 448559800, 'FOGO');
insert into moving_price (timeprice_id, price_timestamp, ask_price, bid_price, trade_volume, ticker_id) values (981, '13:17', '$613.25', '$589.84', 925205923, 'FORTY');
insert into moving_price (timeprice_id, price_timestamp, ask_price, bid_price, trade_volume, ticker_id) values (982, '5:33', '$356.19', '$377.05', 468476906, 'SSWN');
insert into moving_price (timeprice_id, price_timestamp, ask_price, bid_price, trade_volume, ticker_id) values (983, '15:32', '$18.95', '$705.07', 618014004, 'RVT');
insert into moving_price (timeprice_id, price_timestamp, ask_price, bid_price, trade_volume, ticker_id) values (984, '6:00', '$315.08', '$345.89', 606463444, 'BONT');
insert into moving_price (timeprice_id, price_timestamp, ask_price, bid_price, trade_volume, ticker_id) values (985, '16:27', '$241.62', '$500.47', 852701762, 'RARE');
insert into moving_price (timeprice_id, price_timestamp, ask_price, bid_price, trade_volume, ticker_id) values (986, '22:40', '$573.10', '$553.35', 753515966, 'DRQ');
insert into moving_price (timeprice_id, price_timestamp, ask_price, bid_price, trade_volume, ticker_id) values (987, '5:56', '$768.18', '$973.96', 155278736, 'FOGO');
insert into moving_price (timeprice_id, price_timestamp, ask_price, bid_price, trade_volume, ticker_id) values (988, '5:44', '$427.97', '$422.98', 467485917, 'ACH');
insert into moving_price (timeprice_id, price_timestamp, ask_price, bid_price, trade_volume, ticker_id) values (989, '4:54', '$837.38', '$897.19', 45064413, 'FOGO');
insert into moving_price (timeprice_id, price_timestamp, ask_price, bid_price, trade_volume, ticker_id) values (990, '15:14', '$416.57', '$111.32', 914363377, 'BR');
insert into moving_price (timeprice_id, price_timestamp, ask_price, bid_price, trade_volume, ticker_id) values (991, '21:31', '$448.56', '$752.94', 14187011, 'OFIX');
insert into moving_price (timeprice_id, price_timestamp, ask_price, bid_price, trade_volume, ticker_id) values (992, '9:55', '$270.95', '$284.00', 488557781, 'ERIC');
insert into moving_price (timeprice_id, price_timestamp, ask_price, bid_price, trade_volume, ticker_id) values (993, '3:56', '$878.80', '$773.40', 904279179, 'CUNB');
insert into moving_price (timeprice_id, price_timestamp, ask_price, bid_price, trade_volume, ticker_id) values (994, '3:47', '$949.02', '$337.98', 507711736, 'FMBH');
insert into moving_price (timeprice_id, price_timestamp, ask_price, bid_price, trade_volume, ticker_id) values (995, '12:19', '$49.23', '$231.59', 428754886, 'ADRA');
insert into moving_price (timeprice_id, price_timestamp, ask_price, bid_price, trade_volume, ticker_id) values (996, '0:32', '$228.90', '$413.02', 660039024, 'TUTI');
insert into moving_price (timeprice_id, price_timestamp, ask_price, bid_price, trade_volume, ticker_id) values (997, '4:19', '$808.61', '$841.79', 556518988, 'PNRG');
insert into moving_price (timeprice_id, price_timestamp, ask_price, bid_price, trade_volume, ticker_id) values (998, '13:20', '$953.53', '$737.96', 213229391, 'ATRC');
insert into moving_price (timeprice_id, price_timestamp, ask_price, bid_price, trade_volume, ticker_id) values (999, '11:15', '$518.74', '$717.07', 459170895, 'QPACU');
insert into moving_price (timeprice_id, price_timestamp, ask_price, bid_price, trade_volume, ticker_id) values (1000, '7:46', '$387.17', '$152.82', 511236838, 'MXIM');

insert into exchange (exchange_id, exchange_name, currency, market_open, market_close) values (1, 'NYSE', 'IDR', '0:29', '23:03');
insert into exchange (exchange_id, exchange_name, currency, market_open, market_close) values (2, 'NYSE', 'USD', '3:41', '12:51');
insert into exchange (exchange_id, exchange_name, currency, market_open, market_close) values (3, 'NYSE', 'CNY', '7:48', '12:48');
insert into exchange (exchange_id, exchange_name, currency, market_open, market_close) values (4, 'NYSE', 'VEF', '7:05', '12:26');
insert into exchange (exchange_id, exchange_name, currency, market_open, market_close) values (5, 'NASDAQ', 'RUB', '2:27', '17:19');
insert into exchange (exchange_id, exchange_name, currency, market_open, market_close) values (6, 'NASDAQ', 'VND', '4:31', '13:52');
insert into exchange (exchange_id, exchange_name, currency, market_open, market_close) values (7, 'NASDAQ', 'RUB', '0:06', '13:12');
insert into exchange (exchange_id, exchange_name, currency, market_open, market_close) values (8, 'NASDAQ', 'EUR', '2:00', '13:31');
insert into exchange (exchange_id, exchange_name, currency, market_open, market_close) values (9, 'NASDAQ', 'AZN', '5:56', '21:12');
insert into exchange (exchange_id, exchange_name, currency, market_open, market_close) values (10, 'NYSE', 'PKR', '10:43', '13:43');
insert into exchange (exchange_id, exchange_name, currency, market_open, market_close) values (11, 'NASDAQ', 'ZAR', '4:42', '19:34');
insert into exchange (exchange_id, exchange_name, currency, market_open, market_close) values (12, 'NASDAQ', 'IDR', '9:10', '17:36');
insert into exchange (exchange_id, exchange_name, currency, market_open, market_close) values (13, 'NYSE', 'PHP', '3:52', '19:24');
insert into exchange (exchange_id, exchange_name, currency, market_open, market_close) values (14, 'NASDAQ', 'RUB', '11:56', '21:26');
insert into exchange (exchange_id, exchange_name, currency, market_open, market_close) values (15, 'NYSE', 'LYD', '1:17', '20:15');

